Location,Code,Object,Text
1,bob3,,"Эй, ты что делаешь? Никто не говорил тебе читать этот код! [Возьмите карту №39.]"
1,i3x3,Лампа + Спички,У меня нет с собой спичек; я выбросил их в окно и так и не забрал.
1,m8g2,Остров Канталуп + Мобильный телефон,"Мужик в магазине сказал, что этой штукой можно делать фото. Зачем мне фото меня и телефона? Я перестаю понимать этот мир."
1,d6b3,,"Эй, никто не разрешал тебе это читать! Убедись, что читаешь только то, что разрешено. Начни с осмотра объектов справа."
1,i4c0,Лампа + Спички,"Да, думаю, я мог бы использовать это, чтобы их высушить. Вот так, теперь они должны быть готовы. [Вычеркните F1 и K2.]"
1,h5p4,Остров Канталуп + Чайные пакетики,Читайте i2p1.
1,i4c7,Лампа + Спички,Но спички уже сухие.
1,i2p1,,"О, должен предупредить: в будущем, если ты совместишь два предмета, которые не подходят друг другу, я могу тебе об этом напомнить. Не сейчас, конечно, потому что это первая локация, но в будущем, если попробуешь плеснуть водой на розетку или выкинуть что-то столь же «гениальное», я выскажу свое «мнение» на этот счет. Так что сделай нам всем одолжение и принимай умные решения, ладно? Спасибо."
1,i5x9,Лампа + Чайные пакетики,Они уже сухие.
1,i3b4,Лампа + Мобильный телефон,Читайте i2p1.
1,i3b6,Лампа + Одежда,[Если D4 или D5: Читайте i3k4. Иначе:] Она сухая.
1,i3k4,Лампа + Одежда,"Хорошая идея, но она уже высохла по дороге сюда."
1,i3p5,Осмотреть лампу,"Я почти не выключаю её. Она такая горячая, что я сушу на ней рубашки."
1,i3t7,Лампа + Спички,"[Если K2: Читайте i4c7. Если K9: Читайте i4c0. Если F2: Читайте i3x3. Иначе:] Думаю, эта лампа достаточно горячая, чтобы высушить спички. Дело в том... что они все еще в тюрьме."
1,m1e5,Чайные пакетики,"Они были здесь, когда я приехал. И у них да-а-авно истек срок годности. Чувак, я даже не знал, что тогда вообще ДЕЛАЛИ чай. Но я возьму немного, конечно. [Вычеркните D8. Возьмите карту №21.]"
1,m1i0,,"[Ты пропустил обучение, да? Когда ты совмещаешь два предмета или используешь лупу на предмете, ты должен читать соответствующий код в инвентаре, а не в локации, где ты сейчас находишься. Ну, чего ты ждешь? Открой инвентарь и прочитай m1i0 там.]"
1,m1r2,Маяк,"Пока что это будет моей базой. Он видал времена и получше, это правда, но эй — по крайней мере, календарь свежий!"
1,m8i0,Осмотреть Остров Канталуп,Я вижу Особняк Вайта вдалеке. Уже недолго осталось. Но сперва мне нужно найти команду.
1,x5m8,,"С половиной команды разобрались. Теперь мне просто нужно придумать, как стащить Алису с той сцены."
1,z9z3,,"Эй, ты что делаешь? Никто не говорил тебе читать этот код! [Возьмите карту №39.]"
2,b0b3,,"Эй, ты что делаешь? Никто не говорил тебе читать этот код! [Возьмите карту №39.]"
2,k4m1,Плакат + Мобильный телефон,"Глянем, когда они открыты. [Вы набираете номер с плаката; через мгновение компьютерный голос говорит: «Набранный вами номер не обслуживается».] Черт, да все равно. Это бар; наверное, открывается вечером."
2,c1h8,Почтовый ящик + Магнит,Подтверждено: он магнитный.
2,c1r9,Почтовый ящик + Кирпич,"Не-а, сегодня я не в настроении что-то крушить."
2,d4b1,Фургон,"Да, старенький фургон. Мы многое пережили вместе. В основном Германию."
2,d6i0,Осмотреть Почтовый ящик,"Эй, вы только поглядите, открытка! Боже, она такая старая, что чуть не рассыпается. Надо с ней поаккуратнее. [Вычеркните H2. Возьмите открытку. Отныне вы можете использовать её для путешествия в любую локацию (или сцену), которая там указана. Когда захотите покинуть текущую локацию, просто выберите другую из списка. Это можно делать в любой момент. Некоторые локации заблокированы — для них нужно вычеркнуть определенные триггеры. Обычно это происходит, когда Хук узнает о новом месте.] Ладно, куда сперва?"
2,k3i0,Осмотреть Дверь,"Похожа на дверь от туалетной кабинки. Граффити гласит: «Эй, спрячь это обратно в штаны!»"
2,k4b4,Плакат + Мобильный телефон,"[Если D3: Читайте k4m1. Иначе:] Наверное, мне стоит сначала взглянуть на этот плакат, прежде чем отчебучить что-то забавное."
2,k4p5,Осмотреть Плакат,"Это афиша «Голубой Мамбы», местного джаз-клуба. Там играют «Алиса и Корнерстоунз». Джазовая певица, а? Она может быть идеальной кандидаткой на роль Женщины в красном. [Вычеркните D3.]"
2,z6h3,Мусор,"Рыться в мусоре? Конечно, почему бы и нет? Не то чтобы единственная разница между мной и бомжом в том, что я реально храню всякий бесполезный хлам."
2,z9z3,,"Эй, ты что делаешь? Никто не говорил тебе читать этот код! [Возьмите карту №39.]"
3,b0b3,,"Эй, ты что делаешь? Никто не говорил тебе читать этот код! [Возьмите карту №39.]"
3,z8b4,Металлоискатель + Мобильный телефон,"Не, так дело не пойдет. Мне приходится оставлять рюкзак у входа, а всё, что я несу на себе, эта штука засекает."
3,z8i5,Металлоискатель + Открытка,"Не думаю, что они будут против куска картона."
3,z8s0,Металлоискатель + Отвертка,"Я почти уверен, что она сделана из металла. Надо пронести её как-то иначе."
3,r6e5,Металлоискатель + Передатчик,"Я почти уверен, что он сделан из металла. Надо пронести его как-то иначе."
3,r6s2,Осмотреть Металлоискатель,"Это одна из тех модных штук-ворот. Если я пронесу через них что-то металлическое, охранник узнает."
3,v9e3,Охранник + Игрушечный значок,"Ага, давай помашем этим у него перед носом... Он, черт возьми, точно поведется. Особенно вблизи, болван."
3,v9i0,Осмотреть Охранника,"Выглядит так, словно вот-вот уснет. Но готов поспорить, он мгновенно проснется, если детектор начнет пищать."
3,v9p5,Охранник + Открытка,"«Взгляните на эту открытку, которую я получил от фаната!» — «Проходи, приятель»."
3,v9s8,Охранник + Отвертка,"Я мошенник, а не убийца."
3,v9t2,Охранник + Презервативы,"(вздыхает) Извини, что разочаровываю, но это тебе не «Ларри в выходном костюме», приятель."
3,z9z3,,"Эй, ты что делаешь? Никто не говорил тебе читать этот код! [Возьмите карту №39.]"
4,bob3,,"Эй, ты что творишь? Никто не говорил тебе читать этот код! [Возьмите карту №39.]"
4,h4d4,Мусорный бак + Монета,"Выглядит законно. [Верните карту №06 в колоду. Если E8: Читайте h4m7. Если E3: Читайте h4k3. Иначе:] Если подумать, возможно, это была не самая лучшая идея... но я точно, черт возьми, не собираюсь копаться в этом мусоре, чтобы достать свою монету. [Вычеркните E3.]"
4,h4k3,Мусорный бак + Монета,"Похоже, эта монета потеряна навсегда — не собираюсь копаться там ради неё. [Вычеркните E8.]"
4,h4m7,Мусорный бак + Монета,[Перейдите в локацию 19 и прочитайте там v9z9.]
4,h4p5,Осмотреть Мусорный бак,"[Если F2: Читайте h5h4. Иначе:] Эй, это выглядит полезным. [Вычеркните E1. Возьмите карту №23.]"
4,h5h4,Осмотреть Мусорный бак,"[Если F1: Читайте h6d2. Иначе:] А, вот они. [Вычеркните K9. Возьмите карту №26.]"
4,h6d2,Осмотреть Мусорный бак,"А, вот они. [Вычеркните K2 и K9. Возьмите карту №26.]"
4,h7g4,Мусорный бак + Коробка хлопьев,"На самом деле мне вполне нравится таскать с собой мусор, кишащий личинками, так что я оставлю его себе. Но спасибо за заботу."
4,h7j8,Мусорный бак + Магнит,"Да, оно магнитное. Доволен?"
4,h8z3,Поддельная форма,"Мне нужно как-то туда подняться, и быстро."
4,i7c7,Стена + Чертежи,"За этой стеной должен быть собачий питомник. Наверное, хорошая идея — избегать собак."
4,i7h8,Стена + Магнит,"Ничего. Я думал, может, удастся поймать собаку за ошейник."
4,i7r9,Стена + Кирпич,"[Если A9: Читайте j2x4. Иначе:] Конечно, давай вернем его к сородичам. Ну-ну, Кирпичик, ты теперь дома. Я буду скучать по тебе. Буквально, даже. [Верните карту №05 в колоду.]"
4,j2x4,Стена + Кирпич,"Умно, но колючая проволока просто разорвет зубную нить в клочья."
4,j5h8,Контейнер + Магнит,Так и думал! Эта блестящая штука оказалась магнитной. [Вычеркните F3. Возьмите карту №01.]
4,m2b3,Парящий телефон,"Ладно, давайте сделаем это как можно скорее, пока никто не заметил."
4,r0k9,,"[Положите карту №44 в эту локацию.] Ладно, мы на полпути. Что теперь?"
4,t7e5,Окно + Передатчик,Это просто наделало бы много шума.
4,t7h7,Окно + Чертежи,"Судя по чертежам, это окно в комнату отдыха охраны. Это также единственное окно, которое не видно со сторожевых вышек."
4,t7h9,Окно + Воздушный шар,"Да, это, безусловно, отличный способ пронести презерватив."
4,t7z9,Окно + Вешалка,Слишком высоко.
4,t9b3,Окно + Поддельная форма,Эта форма не очень хорошо поддается броскам.
4,t9b4,Окно + Мобильный телефон,"Я мог бы бросить его, но он просто ударится о решетку и разобьется. А это означало бы, что я потеряю все свои любимые приложения."
4,t9d4,Окно + Монета,"Было бы хорошим упражнением в метании, но мне на самом деле не нужна монета там наверху."
4,t9p5,Осмотреть Окно,Тут довольно толстые решетки.
4,i9t8,Окно + Парящий телефон,"[Если D7: Читайте t9z3. Иначе:] Это блестящая идея, и я обязательно должен это сделать, как только смогу забрать его изнутри, но сначала мне нужно туда подняться."
4,t9z3,Окно + Парящий телефон,Есть! [Верните карту №08 в колоду. Вычеркните B3. Положите карту №40 в эту локацию. Положите карту №41 в локацию 08.]
4,v1g6,Стена + Монета,"Я мог бы перебросить её через стену, но зачем?"
4,v1i0,Осмотреть Стену,"Ничего не входит, ничего не выходит. Жаль, что эти контейнеры нельзя ставить друг на друга. Наверное, они учли это, когда покупали их."
4,v1t0,Стена + Зубная нить,"Я не могу её бросить, она слишком легкая."
4,v4i0,Осмотреть Контейнер,"Фу! Воняет так, будто стая котов устроила тут оргию и сдохла. Эй, погоди... Сзади торчит что-то блестящее, но я не могу дотянуться."
4,z9z3,,"Эй, ты что творишь? Никто не говорил тебе читать этот код! [Возьмите карту №39.]"
5,b0b3,,"Эй, ты что творишь? Никто не говорил тебе читать этот код! [Возьмите карту №39.]"
5,i6i0,Осмотреть Лифт,[Если B5 и F6: Читайте c0g4. Если J2: Читайте i7e5. Иначе:] Он защищен клавиатурой. Мне понадобится четырехзначный код. [Вычеркните J1.]
5,i7e5,Осмотреть Лифт,Что это? Клавиатура... и еще один четырехзначный код?!
5,k9d3,Дверь + Отвертка,"Я мог бы... если бы это не был предохранительный замок. И мне не очень удобно взламывать замок здесь, в главном коридоре."
5,n0n0,Клавиатура,Введем 2-0-2-0. [Ничего не происходит.]
5,s0s0,Клавиатура,"Может, они забыли установить код... [Вы вводите 0-0-0-0.]"
5,s6y5,Клавиатура,Введем 0-6-1-5. [Ничего не происходит.]
5,t0r1,Войти в зону посещений,[Перейдите к сцене C.]
5,u2u2,Клавиатура,"Попробуем 4-2-4-2. [На дисплее написано «Без паники!», но больше ничего не происходит. Возьмите карту №42.]"
5,u4u4,Клавиатура,[Вы вводите четыре четверки. Ничего не происходит.]
5,c0g4,Клавиатура,"Я знаю код лифта, у меня есть чертежи... но мне все еще не хватает маскировки."
5,y0l7,Клавиатура,"Ладно, попробуем 1-0-6-7. [Читайте z0p5.]"
5,y5s6,Клавиатура,Введем 1-5-0-6. [Ничего не происходит.]
5,c1r5,Чертежи,"Ладно, пора взглянуть на эти чертежи поближе. [Вычеркните K1. Возьмите карту №43.]"
5,y9l4,Клавиатура,"Ладно, попробуем год на монете, 1-9-6-4. [Ничего не происходит.]"
5,y9n2,Клавиатура,Попробуем 1-9-2-2. [Ничего не происходит.]
5,f6s1,Клавиатура,Попробуем 7-6-0-1. [Ничего не происходит.]
5,y9s4,Клавиатура,Посмотрим... 1-9-0-4. [Ничего не происходит.]
5,h3k6,Дверь + Ключ,Сидит как влитой! [Вычеркните G8. Удалите карту №18 из игры. Перейдите в локацию 11.]
5,h3p5,Осмотреть Дверь,"[Если G8: Читайте h6r1. Иначе:] Заперто, естественно."
5,h6r1,Войти в кладовую,[Перейдите в локацию 11.]
5,i1m4,Кондиционер,"Ладно, да, впустим немного воздуха! Фух, да, так лучше."
5,z0p5,Клавиатура,"[Лифт с лязгом приходит в движение. Вычеркните B5. Удалите накладку карты №57. Если F6: Читайте c0g4. Иначе:] Но, наверное, сначала мне стоит хорошенько изучить чертежи."
5,z9z3,,"Эй, ты что творишь? Никто не говорил тебе читать этот код! [Возьмите карту №39.]"
6,bob3,,"Эй, ты что творишь? Никто не говорил тебе читать этот код! [Возьмите карту №39.]"
6,k8r3,Осмотреть Сейф,"Заперто, конечно. Еще один четырехзначный код?"
6,i7n0,Сейф,"Может, это день рождения девочки и текущий год, 6-7-2-0. Не, ничего."
6,i7y1,Сейф,"Ладно, это последнее, что я попробую. 6-7-1-1. [Сейф щелкает и распахивается.] [Вычеркните A4. Возьмите карту №18.]"
6,n0n0,Сейф,[Вы вводите 2-0-2-0.]
6,n0y1,Сейф,"Ладно, попробуем 2-0-1-1."
6,p7p5,Осмотреть Лошадь,"Я бы поговорил с ним, но, кажется, он немного охрип."
6,p9d3,Лошадь + Отвертка,"Эй, он открывается! «Это не Троянский конь. Здесь нет ничего важного»."
6,p9h2,Лошадь + Снежный шар,"Фильм про напарников-полицейских, который вот-вот выйдет."
6,r3v8,Девочка + Снежный шар,[Вычеркните B7. Перейдите к сцене D.]
6,s6w7,Сейф,"День рождения девочки — давай, это должно быть оно! 0-6-0-7."
6,s6y5,Сейф,[Вы вводите 0-6-1-5.]
6,s7w6,Сейф,"День рождения девочки, 0-7-0-6."
6,i4j9,Компьютер + Отвертка,"Мухе нужно, чтобы я подключил к нему передатчик."
6,t4m6,Компьютер + Передатчик,Отличная идея! Если бы у меня был передатчик... Он в шкафчике снаружи.
6,t5r1,Компьютер + Передатчик,Отличная идея! Если бы у меня был передатчик... Куда я его положил?
6,t7e2,Компьютер + Передатчик,"Ладно, всё готово. [Удалите карту №03 из игры. Вычеркните B6.]"
6,c5g8,Компьютер + Поддельная форма,Сначала скомбинируй это внутри.
6,i9t4,Компьютер,"Черт, я действительно надеялся, что она будет так благодарна, что отдаст мне свой телефон."
6,c5h6,Компьютер + Поддельная форма,Это не имеет никакого смысла. Мне нужно подключить передатчик.
6,t9v3,Компьютер,"Хм, что теперь?"
6,u2u2,Сейф,"Ладно, попробуем 4-2-4-2. Кто запирает полотенце? [Возьмите карту №42.]"
6,f6n0,Сейф,"Может быть, 7-6-2-0. Не, ничего."
6,x5p6,Осмотреть Часы,Они остановились.
6,f6s1,Сейф,"Эй, давай попробуем 7-6-0-1 без всякой причины!"
6,y0i7,Сейф,"Эй, давай попробуем 1-0-6-7 без всякой причины!"
6,f6y1,Сейф,"Ладно, это оно. 7-6-1-1. [Сейф щелкает и распахивается.] [Вычеркните A4. Возьмите карту №18.]"
6,g6d3,Сейф + Отвертка,"Хотел бы я, чтобы это было так просто."
6,j8e8,Девочка + Парящий телефон,Не выйдет. Мой телефон в шкафчике снаружи.
6,j8g0,Девушка + Плавающая клетка,[Перейдите к сцене D.]
6,j8g8,Девушка + Поддельная форма,Сначала мне нужно пронести форму внутрь.
6,j8h6,Девушка + Поддельная форма,[Перейдите к сцене D.]
6,j8i0,Поговорить с девушкой,[Перейдите к сцене D.]
6,j8t5,Девушка + Метла,"Держу пари, она слишком «занята», чтобы убираться в кабинете отца."
6,i9i4,Сейф,"Ладно, год на монете: 1-9-6-4."
6,y9n2,Сейф,Попробуем 1-9-2-2.
6,y9s4,Сейф,"Так-с... 1-9-0-4. «Это из-за тебя им приходится писать ""не пить"" на отбеливателе, да?»"
6,z0b3,Сейф,"Может, код, который прислал Муха: 1-0-6-7. [Ничего не происходит.]"
6,y0y0,Сейф,"Ладно, попробуем время с часов: 1-0-1-0."
6,y1i7,Сейф,"Окей, это оно. 1-1-6-7. [Сейф щелкает и открывается.] [Вычеркните A4. Возьмите карту №18.]"
6,i5s6,Сейф,[Вы вводите 1-5-0-6.]
6,j8z0,Девушка + Ключ,"Ей, пожалуй, не стоит знать, что он у меня есть..."
6,k7p5,Осмотреть Сейф,"Заперто. Похоже, нужно подобрать четырехзначный код. [Вычеркните I2.]"
6,z9z3,,"Эй, ты что творишь? Никто не говорил тебе читать этот код! [Возьмите карту №39.]"
7,bob3,,"Эй, ты что делаешь? Никто не говорил тебе читать этот код! [Возьмите карту №39.]"
7,e6t7,Сушилка + Спички,Осторожно... Я пока не хочу их поджигать. [Вычеркните F1 и K2.]
7,e6t8,Сушилка + Спички,"Думаю, эта сушилка достаточно горячая. Дело в том... что они все еще в тюрьме."
7,e7f4,Сушилка + Спички,"Да, думаю, я мог бы использовать это, чтобы их высушить. [Вычеркните F1 и K2.]"
7,e7m5,Сушилка + Спички,Но спички уже сухие.
7,p1i0,Осмотреть Мыло,"Мыло — это... это такой 20-й век, понимаешь?"
7,p1m4,Мыло + Чертежи,"Не думаю, что нужно отмечать, где здесь туалеты."
7,p1p5,Мыло + Полотенце,Я не собираюсь сейчас принимать душ.
7,p1r9,Мыло + Кирпич,"Не, они и так достаточно тяжелые."
7,p2i0,Осмотреть Зеркало,"Ах, Хук, ты красавчик. [Вычеркните G1. Возьмите карту №20.]"
7,s3k5,Раковина + Игрушечный значок,Стирка не сделает его более правдоподобным.
7,s3m4,Раковина + Спички,Зачем мне их мочить?
7,s3t7,Раковина + Чайные пакетики,Если бы только была горячая вода.
7,v9i0,Осмотреть Вентиляцию,"Отсюда поступает воздух. Слишком высоко, не достать."
7,x7h5,Кабинка + Поддельная униформа,"Да, немного уединения никому не повредит. [Перейдите в локацию 09. Добавьте накладку №57.]"
7,x7i0,Осмотреть Кабинку,Занято.
7,x7v8,Кабинка + Коктейль,"Не думаю, что мне стоит пить это здесь."
7,z9z3,,"Эй, ты что делаешь? Никто не говорил тебе читать этот код! [Возьмите карту №39.]"
8,b0b3,,"Эй, ты что делаешь? Никто не говорил тебе читать этот код! [Возьмите карту №39.]"
8,h6p5,Осмотреть Трубу,"Говорят, такое должно быть в каждом доме."
8,p4p5,Осмотреть Часы,"Лучшее время — 6:30, как ни крути."
8,r9d3,Шкаф + Отвертка,"Ага, именно отсюда я взял этого красавца."
8,c2e8,Окно + Парящий телефон,"Я потратил столько времени, чтобы затащить его сюда; зачем мне его отпускать?"
8,i1j9,Открытая труба + Отвертка,Трубы уже нет.
8,r9h2,Шкаф + Снежный шар,"Нет, просто нет. Зачем ставить его здесь на шкаф?!"
8,c2i0,Осмотреть Окно,"Отлично, теперь надо просто втянуть ту форму... [Вычеркните D7. Возьмите карту №22. Уберите накладку №44 и карту №34.]"
8,i9j9,Окно + Отвертка,"Если бы я хотел его открыть, я бы просто... открыл его."
8,i9v8,Окно + Снежный шар,"Я мог бы выбросить это, но зачем?"
8,v3k6,Шкаф + Ключ,Я не вижу замочной скважины.
8,k2i0,Осмотреть Открытую трубу,"Будем надеяться, она не ведет в туалет наверху."
8,v3m9,Шкаф + Ключ,"Я получил то, что нужно. И, кстати, она не заперта..."
8,c2i7,Осмотреть Окно,"Похоже, я не оставил отпечатков."
8,k2k7,Открытая труба + Труба,"Да нет, пока сойдет."
8,m2i0,Осмотреть Окно,"Наконец-то. Затаскиваем, пока никто не увидел. [Вычеркните C7. Возьмите карту №08. Уберите накладку №41 и карту №40.]"
8,v3p5,Осмотреть Шкаф,"Ну, что тут у нас? [Вычеркните G2. Возьмите карту №17.]"
8,c2j0,Окно + Спички,"Ладно, да, выкинем их. В яблочко! [Верните карту №26. Вычеркните F2.]"
8,z9v9,Окно + Спички,просто выкинем спички... [Верните карту №26. Вычеркните F2.]
8,m2j0,Окно + Спички,"Ладно, вернем это на место, пока никто не заметил. [Уберите накладку №45. Локации 09 и 10 теперь заблокированы.]"
8,z9z3,,"Эй, ты что делаешь? Никто не говорил тебе читать этот код! [Возьмите карту №39.]"
8,c2k7,Окно + Труба,Она не пролезает между решетками.
8,c2t5,Окно + Метла,Выбросить её? Потом будет адски сложно достать обратно.
8,c2z0,Окно + Ключ,Не нужно; окно не заперто.
8,c6d3,Часы + Отвертка,Я не часовых дел мастер.
8,d3z4,Спички,"Ох, чёрт. Эти спички насквозь промокли! [Вычеркните G6. Возьмите карту №26.]"
8,g8d3,Труба + Отвертка,"Ого, это было слишком уж легко. [Вычеркните G1. Возьмите карту №16. Положите карту №45.]"
8,m2k7,Окно + Труба,Окно открыто. Нет нужды его разбивать.
8,m2t5,Окно + Метла,Окно открыто. Нет нужды его разбивать.
8,m2z0,Окно + Ключ,Прикинь: Окно. Открыто.
8,p1j9,Окно + Отвертка,"Если бы я хотел его открыть, я бы просто... открыл его."
8,p1v8,Окно + Снежный шар,Мой телефон — не пиньята.
9,b0b3,,"Эй, ты что делаешь? Никто не говорил тебе читать этот код! [Возьмите карту №39.]"
9,d9b3,Охранник + Поддельная униформа,Моя выглядит точь-в-точь как его! [Перейдите к сцене A.]
9,d9i0,Осмотреть Охранника,"Он ест. Кажется, не замечает меня."
9,d9p5,Охранник + Открытка,"«Не сейчас, я ем. Проходи, приятель»."
9,d9s8,Охранник + Отвертка,"Я мошенник, а не убийца."
9,g3c7,Карта тюрьмы + Чертежи,Кухня прямо за той стойкой.
9,g3i0,Осмотреть Карту тюрьмы,Это план тюрьмы. Мы находимся здесь.
9,g3s8,Карта тюрьмы + Отвертка,"Не думаю, что стоит портить карту."
9,k3i0,Осмотреть Дверь кухни,Заперто.
9,k3z0,Дверь кухни + Ключ,Не тот ключ.
9,v8m4,Мусор + Спички,Я не собираюсь поджигать мусор.
9,v8z3,Мусор + Поддельная униформа,Она уже на мне.
9,z9z3,,"Эй, ты что делаешь? Никто не говорил тебе читать этот код! [Возьмите карту №39.]"
10,bob3,,"Эй, ты что делаешь? Никто не говорил тебе читать этот код! [Возьмите карту №39.]"
10,c8k7,Камера + Труба,"Как только кто-нибудь заметит, что она не работает, сразу поднимут тревогу."
10,d3j9,Камера + Отвертка,Не могу. Слишком высоко.
10,d3m6,Камера + Передатчик,"Единственное, что здесь транслируется — это твои вспышки гениальности."
10,d5i8,Гитара,Статистика трафика на «Шоссе в ад» против «Лестницы в небо».
10,m1e5,Труба,Она закрыта от камеры книгами.
10,m5io,Осмотреть Книги,"Книги по саморазвитию. «Моя первая заточка», «Контрабанда для чайников»."
10,m5k8,Осмотреть Книги,Не достать.
10,m5t5,Книги + Метла,Зачем мне это?
10,b5e1,Снежный шар + Труба,Слишком далеко. И камера меня заметит.
10,m5v4,Книги + Метла,"Книги начинают падать, как домино. Последняя ударяет по снежному шару. [Вычеркните D1. Уберите карту №48. Перейдите в локацию 09 и читайте g7e4.]"
10,b5p5,Осмотреть Снежный шар,"Не могу достать так, чтобы меня не заметили. [Вычеркните J8.]"
10,b5to,Осмотреть Снежный шар,Теперь мне просто нужно как-то заставить снежный шар упасть в трубу.
10,c8e8,Камера + Парящий телефон,"Сделать фото... К сожалению, единственное приложение, которое я знаю — это «Змейка». [Возьмите карту №49.]"
10,c8g8,Камера + Поддельная униформа,На записи будет только черный экран.
10,o8io,Осмотреть Камеру,Ненавижу эти штуки.
10,r6c7,Карты,Я бы показал тебе карточный фокус...
10,i9x3,,[Положите карту №48 в эту локацию.]
10,z9z3,,"Эй, ты что делаешь? Никто не говорил тебе читать этот код! [Возьмите карту №39.]"
11,b0b3,,"Эй, ты что делаешь? Никто не говорил тебе читать этот код! [Возьмите карту №39.]"
11,c9t8,Открытая вентиляция + Парящий телефон,"[Если C7: Читайте d0t4. Если B3: Читайте c9v7. Иначе:] Хотел бы я иметь это сейчас, но оно все еще в шкафчике снаружи."
11,k0j9,Стеллаж + Отвертка,"Да нет, у меня есть дела поинтереснее, чем разбирать эту штуку."
11,b0g8,Банки + Поддельная униформа,"Цвета уже не станут лучше, чем есть."
11,t0t0,Метла,Мне не нужна еще одна.
11,c9v7,Открытая вентиляция + Парящий телефон,"Да, хотел бы я иметь это сейчас, но оно все еще висит перед окном."
11,b0i0,Осмотреть Банки,В основном краска.
11,x1i0,Осмотреть Стеллаж,Ничего особенного.
11,b0t5,Банки + Метла,"Это метла, а не кисточка."
11,d0t4,Открытая вентиляция + Парящий телефон,"[Если B6: Читайте d1r1. Иначе:] Отличная идея, но если Муху поймают с контрабандой, все может пойти наперекосяк."
11,x1t5,Стеллаж + Метла,Достаточно чисто... кажется.
11,b7p5,Осмотреть Вентиляцию,Она очень высоко.
11,b7t1,Вентиляция + Метла,"[Если H5: Читайте b7t4. Иначе:] Может, мне стоит немного внимательнее изучить чертежи тюрьмы."
11,b7t4,Вентиляция + Метла,"шахта, ведущая прямо к камере Мухи. [Вычеркните K3. Уберите карту №20. Положите карту №51.]"
11,b7t8,Вентиляция + Парящий телефон,"Хорошая идея, но она закрыта."
11,b9d3,Вентиляция + Отвертка,"Думаю, её надо лишь немного подтолкнуть, и она откроется."
11,c9p5,Осмотреть Открытую вентиляцию,Я вижу немного...
11,e4j9,Банки + Отвертка,"[Вы открываете одну из банок.] Ага, краска."
11,j5z9,Книги,"«Эволюция размера бумаги, книги 1–3» — увлекательное чтиво, я уверен."
11,d1r1,Открытая вентиляция + Парящий телефон,[Вы отпускаете шарик в вентиляцию. Муха тянет за веревку. Вниз падает ключ-карта! Перейдите к сцене G.]
11,z9z3,,"Эй, ты что делаешь? Никто не говорил тебе читать этот код! [Возьмите карту №39.]"
12,b0b3,,"Эй, ты что делаешь? Никто не говорил тебе читать этот код! [Возьмите карту №39.]"
12,g1r7,Вышибала + Вешалка,"Э-э, нет, я даже не буду пытаться это сделать."
12,g1r9,Вышибала + Кирпич,тебе нужно мое удостоверение? Удостоверь ЭТО! [Ударить кирпичом по голове вышибалы. Он чешет нос.]
12,h9x4,Вентиль + Свинцовая труба,"[Рррррг-пфф] Вода снова пошла. [Вычеркните G9. Если H1: Читайте i3m9. Иначе: Ладно, что теперь?]"
12,i3m9,,[Перейдите в локацию 15 и читайте j5p0 там.]
12,j7i0,Осмотреть Вентиль,"Это вентиль, вентилирующий в ночи."
12,k0g4,Осмотреть Вентиль,Хм. Эта штука застряла.
12,k1g2,Осмотреть Вентиль,"Думаю, с этим я закончил."
12,m5e7,Неоновая вывеска,"Это «Голубая Мамба», самый горячий джаз-клуб в городе."
12,t1z7,Гавань,"Я слышал, иллюминаторы делают круглыми, чтобы волны не били «под прямым углом» в лицо."
12,z0g2,Вышибала + Мобильный телефон,У меня нет его номера.
12,z0g6,Вышибала + Монета,[Вычеркните F4. Перейдите к сцене J.]
12,z0g8,Вышибала + Поддельная униформа,"Не думаю, что это его обманет."
12,z0i0,Поговорить с Вышибалой,[Перейдите к сцене J.]
12,z0m7,Вышибала + Одежда,Он не бомж.
12,z0r3,Граффити,"Ай, карамба, действительно!"
12,z0t0,Вышибала + Зубная нить,"Э-э, не думаю, что это был бы самый умный ход."
12,z0v2,Вышибала + Коктейль,Я это обратно не отдам!
12,z0z3,Вышибала + Марка,[Вычеркните E9. Перейдите к сцене J.]
12,z6d4,Луна + Монета,"Если поднести монету к Луне, они очень похожи. Возможно, мне пора выпить таблетки."
12,z6p5,Осмотреть Луну,Внезапно настала ночь. Дизайнер — полный болван.
12,z9z3,,"Эй, ты что делаешь? Никто не говорил тебе читать этот код! [Возьмите карту №39.]"
12,b2h7,Луна + Чертежи,"Если бы тюрьма была на Луне, это могло бы помочь."
12,b2j6,Луна + Магнит,"Интересно, достаточно ли силен мой магнит, чтобы притянуть Луну..."
12,b2j8,Луна + Кирпич,"[Луна врезается в Канталуп, убивая всех. Возьмите карту №28. Включить режим зомби.]"
12,b2x8,Луна + Презервативы,"Ты ведь на самом деле никогда не пользовался презервативом, да?"
12,g1c1,Вышибала + Коробка хлопьев,[Вычеркните G3. Перейдите к сцене J.]
12,g1e3,Вышибала + Игрушечный значок,"Не думаю, что это его обманет."
12,g1p0,,"Все прошло хорошо. Кажется, у меня есть первая половина команды."
12,g1p4,Вышибала + Чайные пакетики,"[Вышибала скрещивает руки и качает головой.] Хм, наверное, нет."
13,b0b3,,"Эй, ты что делаешь? Никто не говорил тебе читать этот код! [Возьмите карту №39.]"
13,b6h8,Ржавый ключ + Магнит,Ключ слишком далеко.
13,b6r7,Ржавый ключ + Вешалка,Не на глазах у бармена.
13,b6r9,Ржавый ключ + Кирпич,Бросание предметов в ключ делу не поможет.
13,b6v5,Ржавый ключ + Бутылка,Бросание предметов не поможет.
13,c7j6,Бармен + Кирпич,"Э-э, нет. Не думаю, что у меня есть шансы."
13,c7k0,Бармен + Бутылка,[Вычеркните H7. Перейдите к сцене A.]
13,c7x8,Бармен + Презервативы,"Не думаю, что я в его вкусе."
13,c7x9,Бармен + Чайные пакетики,[Вычеркните H8. Перейдите к сцене A.]
13,d5j6,Музыкальный автомат + Кирпич,Здесь и так уже всё сломано.
13,d5j8,Музыкальный автомат + Магнит,Это никогда не сработает.
13,d5k0,Музыкальный автомат + Бутылка,[Если D9: Читайте d6t9. Иначе:] Бутылка пуста.
13,d6t9,Музыкальный автомат + Бутылка,"Да, хорошая идея, но он даже не включен."
13,e3h3,Ржавый ключ + Ржавый ключ,"Кажется, у меня приступ дежавю... [Режим Матрицы.]"
13,e3i0,Осмотреть Ржавый ключ,Не достать.
13,e3t0,Ржавый ключ + Зубная нить,Заарканить ключ? Это никогда не сработает.
13,h9d5,Осмотреть Бутылку,Пустая пластиковая бутылка. [Вычеркните C8. Возьмите карту №07.]
13,k1d4,Музыкальный автомат + Монета,"[Верните карту №06. Если E8: Читайте k1m9. Если E3: Читайте k1k7. Иначе: Кажется, автомат даже не включен.]"
13,k1k7,Музыкальный автомат + Монета,"Я только что потратил монету на автомат, который даже не работает? [Вычеркните E8.]"
13,k1m9,Музыкальный автомат + Монета,[Перейдите в локацию 19 и читайте v9z9 там.]
13,k1p5,Осмотреть Музыкальный автомат,играет 37 ремиксов на «Буги-Вуги Экстраваганцу».
13,r8i0,Поговорить с Алисой,[Если B1: Читайте r8k6. Иначе:] Сперва мне нужно стащить её с той сцены.
13,r8k6,Поговорить с Алисой,"Не хочу, чтобы вся группа пялилась на нас, пока я с ней разговариваю."
13,r8v2,Алиса + Коктейль,"Не думаю, что ей разрешено пить на работе."
13,v8b4,Бармен + Мобильный телефон,У меня нет его номера.
13,v8d4,Бармен + Монета,[Вычеркните H6. Перейдите к сцене A.]
13,v8p5,Поговорить с Барменом,[Перейдите к сцене A.]
13,v8r3,Бармен + Коктейль,[Вычеркните H9. Перейдите к сцене A.]
13,x0t2,Алиса + Презервативы,[Возьмите карту №33.]
13,x2m7,Алиса + Бутылка,Это безнадежно. Её надзиратель не сводит с меня глаз.
13,z9v7,Сегодняшняя газета,"Вот марка, которую я отдал вышибале! ОНА СТОИТ СКОЛЬКО?!"
13,z9z3,,"Эй, ты что делаешь? Никто не говорил тебе читать этот код! [Возьмите карту №39.]"
13,x0v5,Алиса + Бутылка,[Если D9: Читайте x2m7. Иначе:] Зачем ей пустая бутылка?
14,b0b3,,"Эй, ты что делаешь? Никто не говорил тебе читать этот код! [Возьмите карту №39.]"
14,i8i0,Осмотреть Дверь туалета,"[Если B1: Читайте v0b0. Если C4: Читайте i9i5. Если E4: Читайте t8p9. Иначе:] Заперто, естественно."
14,g3j6,Дверь бара + Кирпич,Бармен прямо за этой дверью.
14,g3j8,Дверь бара + Магнит,[Вы маневрируете ключом через окно.] Да! Есть. [Вычеркните F7. Возьмите карту №10.]
14,h8x3,Метла,"Фу, она кишит личинками."
14,t8p9,Войти в туалет,[Перейдите в локацию 15.]
14,i9i5,Войти в туалет,"Нет, моя работа здесь закончена."
14,v0b0,,"(хлюп, хлюп)... «Фу, гадость!» Надо поспешить и стащить Алису со сцены."
14,z7b3,Дверь бара + Поддельная униформа,Я мог бы притвориться копом.
14,z7b5,Дверь бара + Ржавый ключ,"Не та дверь, гений."
14,j9r9,Дверь туалета + Кирпич,Я предпочитаю решать проблемы мозгами.
14,p2h8,Коробки + Магнит,Тут нет магнитных объектов.
14,p8i0,Осмотреть Коробки,Я предпочитаю мыслить «вне коробки» (нестандартно).
14,t8h3,Дверь туалета + Ржавый ключ,"Ага, подходит. [Вычеркните E4. Уберите карту №10.] Фу, что это за вонь? [Перейдите в локацию 15.]"
14,z7p5,Осмотреть Дверь бара,[Если B1: Читайте z7v2. Иначе:] «Только для персонала».
14,z7v2,Войти в Бар,"Конечно, теперь, когда бармена нет. [Перейдите в локацию 13.]"
14,z9z3,,"Эй, ты что делаешь? Никто не говорил тебе читать этот код! [Возьмите карту №39.]"
15,b0b3,,"Эй, ты что делаешь? Никто не говорил тебе читать этот код! [Возьмите карту №39.]"
15,j7t9,,[Взрыв в унитазе. Патока вытекает наружу. Вычеркните C4. Эта локация теперь заблокирована. Перейдите в локацию 13.]
15,b7v9,Знак,Разве он не должен быть над унитазом?
15,m9z6,,просто... сунь руку в... теплую размокшую овсянку. [Вычеркните H1. Если G9: Читайте j5p0. Иначе: Читайте p0b8.]
15,d2j6,Автомат + Кирпич,Думай! Есть менее жестокий способ получить эти презервативы.
15,e2d4,Автомат + Монета,"[Уберите карту №06. Вычеркните C9. Возьмите карту №11.] Эй, смотри, мне выпала двойная пачка!"
15,k8g6,Мусорка + Монета,[Верните карту №06. Если E8: Читайте k8h6. Если E3: Читайте k8h5. Иначе: Я не собираюсь доставать её оттуда. Вычеркните E3.]
15,k8h6,Мусорка + Монета,[Вычеркните E8.]
15,e2p5,Осмотреть Автомат,"Судя по надписи, они со вкусом табака."
15,g2x0,Свинцовая труба,"Ага, ты идешь со мной. [Возьмите карту №24.]"
15,j5p0,,"Сработало! Я слышу, как вода заполняет трубы. [Читайте j6e2.]"
15,j6e2,,"Ладно, 3, 2, 1... пошла! [Читайте j7t9.]"
15,k8h5,Мусорка + Монета,"Пока, монетка! Я в этом рыться не буду."
15,k8i0,Осмотреть Мусорку,"Фу, нет, спасибо."
15,m9k0,Унитаз + Бутылка,"Фу, ни за что, мне не нужно зачерпывать то, что там есть."
15,m9x8,Унитаз + Презервативы,Придется залезть туда как следует... Сосредоточься на цели. [Читайте m9z6.]
15,z3t2,Осмотреть Унитаз,Кто-то пытался смыть старый банан.
15,z5m1,Граффити,«Что О сказала букве Q?» Странно.
15,z9z3,,"Эй, ты что делаешь? Никто не говорил тебе читать этот код! [Возьмите карту №39.]"
15,p0b8,,"[Вы смываете. Ничего не происходит.] Черт, в этой дыре ничего не работает."
15,p0p5,Осмотреть Раковину,[Осмотр раковины.]
16,b0b3,,"Эй, ты что творишь? Никто не говорил тебе читать этот код! [Возьмите карту №39.]"
16,g9x8,Плакат + Презервативы,"На коробке написано ""Соло-опыт"". [Возьмите карту №52.]"
16,m2g1,Разбитые лампочки,"Я вижу. То есть, понимаю. Печально."
16,m7c2,Щиток + Зубная нить,У меня какое-то дежавю. Что со мной не так?
16,m7p5,Осмотреть щиток,"Покончим с этим раз и навсегда. [Вы щелкаете выключателем и оказываетесь в полной темноте. Уберите накладку в этой локации (карта №57) из игры. Мелодия Алисы, звучащая из колонок наверху, обрывается на полуслове. Сбивая пальцы на лестнице, вы на ощупь пробираетесь сквозь темноту и покидаете джаз-клуб. Там вы находите Алису, которая курит сигарету. Перейдите к сцене E.]"
16,p3g8,Стиральная машина + Фальшивая форма,"Не думаю, что это нужно. Она чистая."
16,p3i0,Осмотреть стиральную машину,Эта забита бутылками. Обожаю это место.
16,t1m6,Стиральная машина + Передатчик,"Не думаю, что его нужно стирать."
16,t1r9,Стиральная машина + Кирпич,"Ни за что! Ты хоть видел, что кирпич делает со стиральной машиной? Нет, спасибо!"
16,i1t2,Стиральная машина + Презервативы,Хватит с меня засоров на сегодня.
16,t1v5,Стиральная машина + Бутылка,"Нет, гений, это была не подсказка."
16,i5c2,Темный угол + Зубная нить,"Я даже не вижу, что делаю. Слишком темно."
16,b3j6,Баллоны с гелием + Кирпич,"Не хочу их разбить. Кто знает, что случится?"
16,b3j8,Баллоны с гелием + Магнит,"Ага, они магнитные. Доволен?"
16,b3x8,Баллоны с гелием + Презервативы,"Может, ты и прав. Немного Гелия с собой никому не повредит, а? (писклявым голосом) [Удалите карту №11 из игры. Вычеркните A5. Возьмите карту №13.]"
16,t5p5,Осмотреть темный угол,"Там слишком темно, я ничего не вижу."
16,t5t7,Темный угол + Спички,"[Если K2: Читать t7h8. Если K9: Читать t5x3. Если F2: Читать t5v2. Иначе:] Не выйдет, спички все еще в тюрьме."
16,t5v2,Темный угол + Спички,"Эх, если бы у меня были спички, но я выбросил их в окно и так и не забрал."
16,d0p5,Осмотреть баллоны,"На баллонах написано ""Гелий""."
16,d0t7,Баллоны с гелием + Спички,"Эй, точно, давайте устроим тут гигантский пожар! Надо подойти поближе, чтобы ничего не пропустить. [Вы сваливаете кучу легковоспламеняющихся вещей возле баллонов.] Посмотрим, что будет, если я зажгу спичку... [Спасибо, что играли в Cantaloop. Надеемся, вы отлично провели время и порекомендуете нас всем друзьям. Мы хотим поблагодарить Рона Гилберта, Оптимуса Прайма из вторых ""Трансформеров"" и Боно. Эта книга самоуничтожится через 30 секунд.]"
16,x2p5,Осмотреть плакат,Почему меня это не удивляет?
16,g9h7,Плакат + Чертежи,"Это не ""Побег из Шоушенка""! Тут нет дыры! (Нашим юристам понадобилось немало времени, чтобы согласовать эту формулировку)."
16,g9j8,Плакат + Магнит,Тебя тянет к плакату. Хотя это магнетизм иного рода.
16,z9z3,,"Эй, ты что творишь? Никто не говорил тебе читать этот код! [Возьмите карту №39.]"
16,i5x3,Темный угол + Спички,Спички слишком мокрые. Так ничего не выйдет.
16,t7h8,Темный угол + Спички,"Ладно, посмотрим, что тут прячется. У меня осталось всего три спички, надеюсь, хватит. [Первая спичка ломается пополам.] Черт. Может, эта? [Вторая вспыхивает и почти сразу гаснет.] Проклятье. Надеюсь, последняя сработает. [Удалите карту №26 из игры. Положите карту №37 в эту локацию. Вычеркните J6.] Вот так. Сделаем это."
17,b0b3,,"Эй, ты что творишь? Никто не говорил тебе читать этот код! [Возьмите карту №39.]"
17,e9g4,Осмотреть пса,Выглядит дружелюбно. Но жизнь я бы на это не поставил.
17,f2h8,Пес + Магнит,"Не думаю, что его привлекает мой магнит."
17,f2i0,Осмотреть пса,Этот пес огромный! Я ни за что не пройду мимо него.
17,f2j8,Пес + Кирпич,"Я вор, а не живодер."
17,f2k7,Пес + Свинцовая труба,Я не буду драться с этим зверем.
17,f2m7,Пес + Одежда,"Не думаю, что ему интересно мое чувство стиля."
17,f2s0,Пес + Зубная нить,Я не буду чистить ему зубы нитью.
17,h0b0,Дверь,[Если J3: Читать h0b2. Иначе:] Заперто.
17,h0b2,Войти в дом священника,[Перейдите в локацию 18.]
17,i8p5,Осмотреть статуи,"Выглядят так, будто видали времена получше."
17,j1i0,Осмотреть будку,Выглядит как очень удобная будка. Для медведя.
17,j1m4,Будка + Спички,Я не собираюсь поджигать его дом.
17,k1i0,Осмотреть могилу,Здесь покоится... бла-бла-бла.
17,m2b3,Дом священника,Выглядит уютно. Если игнорировать гигантского пса и кладбище.
17,z9z3,,"Эй, ты что творишь? Никто не говорил тебе читать этот код! [Возьмите карту №39.]"
18,d1h3,Выключатель + Зубная нить,"[Вы щелкаете выключателем и привязываете его зубной нитью. На улице включается свет. Вы закрываете щиток. Уберите накладку в этой локации (карта №35) из игры. Вычеркните C2.] Ладно, валим отсюда, пока это не стало проблемой. [Найдите способ покинуть квартиру.]"
18,d1p5,Осмотреть выключатель,"Выключатель автоматически отскакивает назад. Черт, и что теперь?"
18,d4b7,Косметика,"""Eau de Toilette"", ""Fleur du Male""... Тут еще есть номер горячей линии, и... эй, а это что? [Вычеркните A8. Возьмите карту №02.]"
18,g0r9,Зеркало + Кирпич,"Та женщина не выпустит меня, если я разобью ее зеркало!"
18,g2h8,Щиток + Магнит,"Мне не нужен магнит, чтобы открыть щиток."
18,g2r9,Щиток + Кирпич,"Я должен его починить, а не сломать."
18,j2j6,Выключатель + Кирпич,Кирпич не удержит этот переключатель.
18,j2j8,Выключатель + Магнит,Потому что наука!?
18,b8z9,Резиновая утка + Вешалка,"Тоже неплохая идея, но она слишком скользкая... и все еще мокрая, так что не думаю, что это спасет меня от удара током."
18,j2z9,Выключатель + Вешалка,"Хорошая идея, но боюсь, что меня ударит током, если я попробую."
18,x5i0,Осмотреть щиток,"Так близко к душу?! Разве это не нарушение техники безопасности? Фух... Ну, если это единственный выход, посмотрим, что я могу сделать. [Вычеркните J7. Положите карту №35 в эту локацию.]"
18,b9z6,Дверь,"[Если C2: Читать c0b9. Если C3: Читать c0b1. Иначе:] Я не уйду, пока не найду передатчик и не решу проблему дамы с электричеством."
18,x5k1,Одежда,"Интересно, заметит ли она, если они пропадут. С другой стороны, куда она пожалуется? В ""Хлюп и Плюх""? Договорились. Я их забираю. [Вычеркните A6. Возьмите карту №04.]"
18,c0b1,Дверь,[Перейдите к сцене F.]
18,c0b9,Дверь,"[Если A6: Читать c0c3. Иначе:] Наверное, стоит осмотреться получше; другого шанса у меня не будет."
18,z1i0,Дверь,[Вычеркните K6. Перейдите к сцене F.]
18,c0c3,Выключатель + Мобильный телефон,"Сзади есть номер. Посмотрим... [Служба поддержки отвечает, и вы объясняете ситуацию.] ... Бракованная модель, говорите? И ничего нельзя сделать? ... Понятно, что ж, спасибо. [Вы вешаете трубку] Черт. Придется как-то это починить, хотя бы временно."
18,d1b4,Осмотреть утку,"Как называют утку, которая ворует? ... Утка-ворюга. Спасибо, спасибо, я здесь выступаю весь вечер."
18,z4p5,Осмотреть зеркало,"Эй, тут есть небольшое углубление... Ну-ка. [Вы нажимаете, и зеркало распахивается, открывая тайник. Вычеркните C3. Возьмите карту №03.] Вот он. А теперь посмотрим, как отсюда выбраться."
18,d1c2,Выключатель + Зубная нить,"[Если C3: Читать d1h3. Иначе:] Хорошая идея, но не раньше, чем я найду тот передатчик."
18,z9z3,,"Эй, ты что творишь? Никто не говорил тебе читать этот код! [Возьмите карту №39.]"
19,b0b3,,"Эй, ты что творишь? Никто не говорил тебе читать этот код! [Возьмите карту №39.]"
19,e0c1,Табличка,"Судя по табличке, до вершины 194 ступеньки."
19,m6j8,Святая вода + Магнит,Случайный факт: удары головой об стену сжигают 150 калорий.
19,m6v5,Святая вода + Бутылка,[Вычеркните D9.]
19,m6b6,Святая вода + Одежда,[Если D5: Читать m6d2. Если H4: Читать m6c4. Если H3: Читать m6b8. Иначе:] Она и так чистая.
19,m6b8,Святая вода + Одежда,Я покрашу рубашку. [Вычеркните D4.] Теперь она светло-желтая.
19,m6c4,Святая вода + Одежда,"Желтый чай и синий цветок сделали святую воду зеленой. Может, окунуть туда штаны? [Вычеркните D5.] Отлично! Теперь они темно-зеленые. [Если D6: Читать m6c6. Иначе:] Теперь не хватает только одной маленькой детали."
19,m6c6,,"Думаю, лучше уже не будет. [Удалите карту №04 из игры. Возьмите карту №22.]"
19,m6d2,Святая вода + Одежда,"Думаю, эта одежда теперь правильного цвета."
19,m6d4,Святая вода + Монета,"Если бы я мог загадать любое желание, я бы пожелал, чтобы ты перестал делать глупости."
19,m6m9,Осмотреть святую воду,Святая вода окрашена в зеленый цвет.
19,m6p5,Осмотреть святую воду,[Если H4: Читать m6m9. Если H3: Читать m6r1. Иначе:] Свеженабранная.
19,m6r1,Осмотреть святую воду,Святая вода окрашена в желтый цвет.
19,m6r3,Святая вода + Коктейль,[Если D4: Читать m6v2. Если H3: Читать m6t0. Иначе:] Я не хочу красить воду в синий цвет.
19,m6t0,Святая вода + Коктейль,Зачем мне это делать?
19,m6v2,Святая вода + Коктейль,"Хм, сомневаюсь, что коктейля хватит, но у этого цветка насыщенный цвет... Может, я смогу использовать это в своих интересах. Брошу его туда. [Вычеркните H4.] Вот, синий смешивается с желтым чаем."
19,v9z9,,"Не твори глупостей лишь ради того, чтобы испытать границы настольной игры. [Возьмите карту №29.]"
19,x4z2,Ящик для пожертвований,"[Если E8: Читать x5p9. Если E3: Читать x5b3. Иначе:] Тут можно купить свечи. Не думаю, что кто-то заметит пропажу одной монеты. [Вычеркните F5. Возьмите карту №06.]"
19,x5b3,Ящик для пожертвований,"Конечно, возьмем еще одну монету. Хотя стоило бы найти лучшее место, чтобы ее потратить. [Возьмите карту №06.]"
19,x5p9,Ящик для пожертвований,"Ладно, хватит баловаться. Мне действительно нужно найти им хорошее применение. [Возьмите карту №06.]"
19,z9z3,,"Эй, ты что творишь? Никто не говорил тебе читать этот код! [Возьмите карту №39.]"
20,b0b3,,"Эй, ты что творишь? Никто не говорил тебе читать этот код! [Возьмите карту №39.]"
20,i0t8,Вид + Летающий телефон,Ветер здесь слишком сильный. Он может приземлиться черт знает где.
20,k1v6,Магнит,"Хм, да, это может быть полезно. Не знаю точно для чего, но никогда не знаешь наверняка. [Вычеркните C6. Возьмите карту №15.]"
20,k6e5,Вид + Передатчик,"Он довольно прочный, так что может даже пережить падение, но что, если кто-то его найдет? Не думаю, что у Мухи завалялся еще один."
20,k6h7,Вид + Чертежи,"Да, вон там внизу территория позади тюрьмы. Согласно планам, это единственное окно наружу, которое не находится под постоянным наблюдением."
20,k6h9,Вид + Воздушный шар,Звучит одновременно весело и как плохая идея.
20,k6j6,Вид + Кирпич,"[Если A9: Читать k6k5. Иначе:] Ого. Это то, чем ты занимаешься в повседневной жизни: бросаешь кирпичи с церковных башен? Твоя мама знает, что ты в это играешь?"
20,k6k5,Вид + Кирпич,"Да, знаешь, может, я и не найду этому применения, но по крайней мере собью пару голубей по пути к моему фургону. [Вы привязываете один конец зубной нити к перилам. Затем тщательно прицеливаетесь и бросаете кирпич на крышу тюрьмы внизу. Вычеркните K5. Удалите карту №05 из игры. Положите карту №34 в эту локацию.]"
20,z2h8,Перила + Магнит,"Похоже, перила не магнитные. Наверное, поэтому я и не нашел на них прилепленного магнита сразу."
20,z2r9,Перила + Кирпич,[Если A9: Читать z3h4. Иначе:] Смотри! Я могу удержать кирпич на пери... АЙ! Тупая штука упала мне на ногу.
20,z3h4,Перила + Кирпич,Дай подумать... Если я привяжу один конец зубной нити к перилам... я мог бы... хм...
20,z5m9,,"Знаете, я думаю, мне придется найти другой способ доставить мобильный внутрь... А что, если мне снова позвонят, а я не смогу ответить? Да, подержу его при себе еще немного. Ладно, поехали, готовы? Надеюсь, черт возьми, это сработает, и я не включу никакую сигнализацию. [Вы отпускаете форму, и она несется к тюрьме с бешеной скоростью. Верните карту №22 в колоду.] Фух, кажется, все хорошо. Пойдем проверим. [Перейдите в локацию 04 и прочитайте там r0k9.]"
20,z7v1,Зиплайн + Фальшивая форма,"Ну, что скажете? Держит! Хмм... Интересно, выдержит ли он чуть больший вес... [Вы кладете передатчик в карман.] Линия держит. Верните карту №03 в колоду.] Отлично. Главное не забыть забрать это позже. Так, а где мой телефон? [Доставая мобильный, вы замечаете, что на нем мигает индикатор.] Ха, говорит, что я пропустил звонок. Посмотрим, что там. [Вычеркните B9. Ваш телефон пиликает. Перейдите к сцене H.]"
20,z9b3,Зиплайн + Фальшивая форма,"[Если E6: Читать z7v1. Иначе:] Хорошая идея, но не думаю, что так получится. Что, если она упадет? Что, если застрянет на полпути? Надо подумать получше."
20,z9b6,Зиплайн + Одежда,"Я мог бы сушить их здесь, если они когда-нибудь намокнут."
20,z9p5,Осмотреть зиплайн,Его практически не видно в ночном свете.
20,z9b4,Зиплайн + Мобильный телефон,"Слишком рискованно. Что, если он разобьется? Нет, придется найти более безопасный путь."
20,z9z3,,"Эй, ты что творишь? Никто не говорил тебе читать этот код! [Возьмите карту №39.]"
20,b4i0,Осмотреть перила,Высший вызов для скейтбордиста.
20,b4t0,Перила + Зубная нить,На самом деле это очень хорошая идея. Но бросить ее будет сложно...
20,d8j4,Осмотреть кирпич,"Да, этот кирпич шатается. Ну, после 15 минут расшатывания — точно шатается. [Вычеркните A7. Возьмите карту №05.]"
20,i0b3,Вид + Фальшивая форма,"Неплохая идея, но даже малейший порыв ветра испортит этот план."
20,i0b4,Вид + Мобильный телефон,"Получилось бы хорошее фото. Надо позвонить Майку, может, у него есть одна из тех фотокамер."
20,i0c2,Вид + Зубная нить,"Ты когда-нибудь пробовал бросать зубную нить, Паучок? Она не совсем для этого создана."
20,i0d4,Вид + Монета,"В прошлый раз, когда я бросил монету с небоскреба, я убил кота. Я имею в виду, это случилось через несколько месяцев, но все же. [Вы все равно бросаете монету. Верните карту №06 в колоду. Внизу вы слышите вой собаки.] Ой, наверное, попал в сторожевого пса. [Если E8: Читать i0e8. Если E3: Читать i0d9. Иначе:] Я же говорил, у меня талант калечить животных, бросая монеты сверху. Кстати, мне, наверное, нужна была та монета... [Вычеркните E3.]"
20,i0d9,Вид + Монета,"Жаль, пес не вернет мне монету. У меня предчувствие, что она могла понадобиться мне позже. [Вычеркните E8.]"
20,i0e8,Вид + Монета,[Перейдите в локацию 19 и прочитайте там v9z9.]
20,i0p5,Осмотреть вид,Красивый вид.
0,h5t0,Вешалка + Зубная нить,"Пока ты там мастеришь мобили для детских кроваток, я тут попытаюсь собрать команду, ладно?"
0,h7b3,Мобильный телефон + Фальшивая форма,"Я мог бы его туда положить, но он может выпасть. А я не хочу пропустить звонок."
0,h7p5,Использовать мобильный телефон,Кому позвонишь? (Охотникам за привидениями?)
0,i2b4,Монета + Мобильный телефон,"Я мог бы так добраться до батареи, но мне это не нужно."
0,i2p5,Использовать монету,"Орел или решка? [Вы подбрасываете монету.] Орел, я так и знал! [А чего вы ожидали?]"
0,i2z2,Монета + Магнитная карта,"Чувак, это ключ-карта, а не лотерейный билет, который надо стирать."
0,i3b1,Зубная нить + Игрушечный значок,У значка есть зажим — не надо его никуда пришивать.
0,i3c4,Монета,Эта 1922 года.
0,i3e5,Зубная нить + Передатчик,"Дамы и господа, позвольте представить: худшее йо-йо в мире."
0,i3g4,Зубная нить + Коробка хлопьев,"Ага, держу пари, личинки внутри с удовольствием бы ее слопали."
0,i3h7,Зубная нить + Чертежи,Зубная нить отлично держит чертежи вместе.
0,i3h9,Зубная нить + Воздушный шар,"Да, это работает, но что мне повесить на другой конец зубной нити?"
0,i3i1,Зубная нить + Свинцовая труба,"Не, я сейчас не в настроении для научных экспериментов. К тому же, я все равно не знал бы, что делаю."
0,i3j6,Зубная нить + Кирпич,"Хмм... Если я обвяжу это вокруг того и сделаю узел... Ладно. Теперь это кирпич, обмотанный зубной нитью. МакГайвер бы гордился. [Вычеркните A9.]"
0,i3j8,Зубная нить + Магнит,"Не, магнит слишком тяжелый, она сразу порвется."
0,i3k0,Зубная нить + Бутылка,Мне не нужно размахивать этой бутылкой.
0,i3x9,Зубная нить + Чайные пакетики,Чайные пакетики уже с ниточками.
0,i5b3,Зубная нить + Фальшивая форма,"Посмотрим... Нет, дырок, которые нужно зашить, нет."
0,i5b4,Зубная нить + Мобильный телефон,"Я мог бы использовать зубную нить, чтобы привязать свой телефон к... да, к чему?"
0,i5b6,Зубная нить + Одежда,"[Если J5: Читать i5c9. Иначе:] Посмотрим... Нет, дырок, которые нужно зашить, нет."
0,i5c9,Зубная нить + Одежда,"[Вы ищете что-то в своем рюкзаке.] А, вот оно! [Вы находите кусок проволоки, который привязываете к зубной нити.] Теперь я могу зашить ту дырку, которую сам сделал."
0,i5d4,Зубная нить + Монета,"О да, отлично! Это значит, что я мог бы использовать монету в автомате, а потом вытащить ее обратно... вот только в реальном мире это не работает."
0,i5r3,Зубная нить + Коктейль,Смотри! Теперь у меня синяя зубная нить. Гадость.
0,i5t7,Зубная нить + Спички,"Граната пошла! ... Ой, забыл, в этой игре нет взрывчатки."
0,i5t8,Зубная нить + Летающий телефон,"Не, думаю, оно и так будет нормально держаться."
0,i5x7,Монета,Эта 1904 года.
0,i5z2,Зубная нить + Магнитная карта,Не сработает — в карте нет отверстия.
0,i6e3,Магнит + Игрушечный значок,Значок сделан из пластика.
0,i6x4,Магнит + Свинцовая труба,"Эх, если бы у меня был магнит поменьше, я мог бы смотреть, как он вечность падает сквозь нее."
0,i7e8,Передатчик + Летающий телефон,Эм... нет.
0,i7g2,Передатчик + Мобильный телефон,Передатчик не подключается к моему телефону.
0,i7g6,Передатчик + Монета,"Я не хочу его открывать; а что, если я его сломаю?"
0,i7g8,Передатчик + Фальшивая форма,"[Если A3: Читать i7h7. Иначе:] Хм, да, думаю, если мне удастся как-то пронести форму, я смогу пронести и передатчик таким образом. Подумаем об этом, когда придет время."
0,i7h7,Передатчик + Фальшивая форма,"Я не буду класть передатчик обратно; он именно там, где мне нужно."
0,i7i0,Использовать передатчик,"Не спрашивайте меня; я понятия не имею, как пользоваться этими штуками."
0,i7m7,Передатчик + Одежда,Запомни эту мысль...
0,j0x4,Чертежи + Свинцовая труба,На чертежах нет водопровода.
0,j1p5,Использовать фальшивую форму,"[Если D7: Читать j1r0. Иначе:] Я мог бы это надеть, но не здесь."
0,j1r0,Осмотреть фальшивую форму,"Ага, передатчик все еще здесь. Заберу его. [Вычеркните A3. Возьмите карту №03.] Теперь найдем хорошее место, чтобы переодеться."
0,j1t7,Фальшивая форма + Спички,"Да ладно, все не так плохо."
0,j4c1,Чайные пакетики + Коробка хлопьев,"Что, у нас завтрак?"
0,j5g8,Воздушный шар + Фальшивая форма,Форма слишком тяжелая.
0,j5j0,Воздушный шар + Спички,"[Если F1: Читать j6v8. Иначе:] Можно было бы, но они еще мокрые."
0,j6v8,Воздушный шар + Спички,"[Вы зажигаете спичку...] Упс. Кажется, мне бы это пригодилось. [Поздравляем! Вы только что проиграли игру...]"
0,j7t8,Бутылка,Наполнена до краев святой водой.
0,j8v8,Отвертка + Снежный шар,Мне нравится этот снежный шар. Я не хочу его разбивать.
0,k0x6,Фальшивая форма,Теперь она на вешалке.
0,k3c7,Кирпич + Чертежи,"Я могу использовать этот кирпич, чтобы прижать чертежи. Захватывающе."
0,k3t6,Кирпич + Воздушный шар,"Почти поэтично, не так ли?"
0,k3v5,Кирпич + Бутылка,[Если A9: Читать k4b8. Если D9: Читать k3z2. Иначе:] Зачем разбивать вполне нормальную бутылку?
0,k3z2,Кирпич + Бутылка,Это кирпич; он чище не станет. Он практически сделан из грязи.
0,k4b8,Кирпич + Бутылка,Зачем мне привязывать бутылку к кирпичу?
0,k4j8,Монета + Магнит,Это подтверждает мое подозрение: монеты действительно магнитятся. Ого! [Возьмите карту №59.]
0,k5b1,Одежда + Игрушечный значок,"[Если J9: Читать k5b8. Иначе:] Если прицепить значок на эту одежду, никого не обманешь..."
0,k5b8,Одежда + Игрушечный значок,"Не идеально, но лучше, чем ничего. [Удалите карту №25. Вычеркните D6. Если D5: Читать k5c4.]"
0,k5c4,Одежда,"Думаю, лучше уже не будет. [Вычеркните K7. Удалите карту №04. Возьмите карту №22.]"
0,k5h7,Одежда + Чертежи,"Хмм... Мне понадобится форма, чтобы свободно разгуливать по тюрьме."
0,k5j6,Одежда + Кирпич,Гениально! Теперь в штанах дырка... [Вычеркните J5.]
0,k5k0,Одежда + Бутылка,"[Если D9: Читать k5t5. Иначе:] Не, мне не нужна бутылка внутри."
0,k5t5,Одежда + Бутылка,"[Если D4 или D5: Читать k5v3. Иначе:] Да, ладно, немного почистим их..."
0,k5v3,Одежда + Бутылка,"Зачем мне смывать цвет? После всех усилий, которые я приложил, чтобы их покрасить?!"
0,k5x9,Одежда + Чайные пакетики,"Чай имеет правильный цвет, но... что я должен делать, втирать его?"
0,k9b3,Магнитная карта + Фальшивая форма,"Не думаю, что эта карта понадобится мне в тюрьме."
0,m1i0,Осмотреть чайные пакетики,"Текст на этикетке выцвел до неузнаваемости, но пахнет лимоном."
0,m1v2,Чайные пакетики + Коробка хлопьев,"Да, напиток, наверное, изменил бы цвет, но жидкости маловато..."
0,m8c7,Вешалка + Чертежи,"Если планы когда-нибудь намокнут, я их так и высушу."
0,m8h8,Вешалка + Магнит,Прикинь: эта металлическая вешалка... действительно магнитится! Шок. Сенсация.
0,m8m6,Вешалка + Передатчик,"Думаю, я мог бы сделать антенну из этой вешалки."
0,m8p4,Вешалка + Чайные пакетики,Они уже сухие.
0,m8r9,Вешалка + Кирпич,"[Если A9: Читать m8t1. Иначе:] Думаю, я мог бы разбить вешалку..."
0,m8t1,Вешалка + Кирпич,Я мог бы тренировать свои навыки метания молота с этой штуковиной.
0,m8t2,Вешалка + Презервативы,"Почти уверен, что презерватив используют не так."
0,m8t6,Вешалка + Воздушный шар,"Летающая вешалка, а? Можно продать в IKEA..."
0,p7d3,Труба + Отвертка,"О да, давай выцарапаем что-нибудь на ней. ""Я... люблю... тратить время""."
0,p9t1,Труба + Метла,"Теперь у меня труба чище, чем была раньше."
0,r0i0,Осмотреть коробку хлопьев,"На коробке написано ""игрушка внутри"". Интересно, она еще там."
0,r0v2,Коробка хлопьев + Коктейль,"О, завтрак джентльмена, а?"
0,r6b3,Летающий телефон + Фальшивая форма,Форма слишком тяжелая.
0,r6e1,Летающий телефон + Труба,Это как пиньята... ты получаешь разбитый мобильник.
0,r6t7,Летающий телефон + Спички,"[Если D2: Читать r8h6. Иначе:] Я мог бы сжечь это все, но лучше не буду."
0,r8h6,Летающий телефон + Спички,Ты ничему не научился?!
0,r9p5,Осмотреть коктейль,"Напиток, похоже, окрашен в синий цвет каким-то экзотическим цветком. Хмм..."
0,t0y1,Коробка хлопьев,"Погоди... хлопья, личинки... вот она! [Удалите карту №23. Вычеркните G5. Возьмите карту №25.]"
0,t4i0,Осмотреть снежный шар,"Любят ли заключенные единорогов? Кажется, я что-то такое слышал."
0,t4t5,Снежный шар + Метла,"Думаю, метла выполнила свое предназначение."
0,t7b3,Ржавый ключ + Фальшивая форма,"Не думаю, что этот ключ пригодится мне в тюрьме."
0,t7p5,Осмотреть ржавый ключ,"Это ключ от туалета ""Голубой Мамбы""."
0,t9d9,Спички,"Сухие, как кость."
0,t9j8,Ржавый ключ + Магнит,"Именно так, дружище... ключи магнитятся. С этим разобрались."
0,v1c1,Передатчик + Коробка хлопьев,"Прятать передатчик в коробке не поможет. К тому же, личинки могут его испортить."
0,v1c7,Передатчик + Чертежи,"На этих чертежах не указано, где в тюрьме компьютеры."
0,v1h8,Передатчик + Магнит,"Честно, понятия не имею, что ты задумал, МакГайвер."
0,v1j9,Передатчик + Отвертка,"Я лучше оставлю эту штуку как есть, чтобы не сломать."
0,v1t2,Передатчик + Презервативы,"Я не хочу пихать его туда, он только измажется в смазке."
0,v1t6,Передатчик + Воздушный шар,Он слишком тяжелый.
0,v4p4,Воздушный шар + Чайные пакетики,Кто же не любит легкий чай?
0,v7g2,Презервативы + Мобильный телефон,"Я не хочу пихать его туда, он только измажется в смазке."
0,v7g8,Презервативы + Фальшивая форма,"Слишком большая, чтобы туда влезть."
0,v7i0,Использовать презервативы,"Прямо здесь?! Возьми себя в руки, мужик!"
0,v7j0,Презервативы + Спички,"Если бы это были ""Кодовые имена"", я бы сказал ""горячий, 2""."
0,9g2,Чертежи + Мобильный телефон,"Было бы гораздо эффективнее сделать фото... но я старомоден, окей?"
0,v9g8,Чертежи + Фальшивая форма,"Думаю, я их уже запомнил."
0,v9h3,Чертежи + Ржавый ключ,"Эти планы точны, но не НАСТОЛЬКО точны."
0,v9i0,Осмотреть чертежи,"Согласно им, тут есть вентиляционная шахта... [Вычеркните H5.]"
0,v9j0,Чертежи + Спички,[Если F1: Читать v9p3. Иначе:] Спички слишком мокрые...
0,v9p3,Чертежи + Спички,[Чертежи сгорают в пламени. Удалите карту №09. Вычеркните H5.]
0,x0g4,Фальшивая форма,"Она внутри! Наконец-то. Теперь нужно найти хорошее место, чтобы переодеться."
0,x5x2,Передатчик,"Теперь, когда он в тюрьме, что я там собирался с ним делать?"
0,z5m0,Летающий телефон,Наконец-то он внутри! Что теперь?
0,z6e8,Кирпич,Я привязал к нему зубную нить.
0,z8d3,Летающий телефон + Отвертка,"Думаю, я мог бы лопнуть шарик, но какая мне от этого польза?"
0,z8j8,Летающий телефон + Магнит,"Если я прикреплю магнит к телефону, он больше не будет летать."
0,z9z3,,"Эй, ты что творишь? Никто не говорил тебе читать этот код! [Возьмите карту №39.]"
0,b0b3,,"Эй, ты что творишь? Никто не говорил тебе читать этот код! [Возьмите карту №39.]"
0,b1g8,Магнит + Фальшивая форма,"Нет, слишком большой."
0,b1i0,Использовать Магнит,Я не могу его включить. Он никогда не выключается.
0,c1g8,Бутылка + Фальшивая форма,"[Если D9: Читать c1m4. Иначе:] Не, мне не нужна эта бутылка в форме."
0,c1m4,Бутылка + Фальшивая форма,"Да, ладно, немного почистим ее... Вот, красивая и свежая."
0,c1v2,Бутылка + Коктейль,[Если D9: Читать c2e1. Иначе:] Я бы лучше наполнил бутылку чем-то... чистым.
0,c2e1,Бутылка + Коктейль,"Этот коктейль отвратителен, сколько его ни разбавляй."
0,d3k9,Одежда,Рубашка теперь выцветше-охристая... Никто на это не клюнет.
0,d5i3,Одежда,Штаны теперь темно-зеленые. Уже лучше!
0,d5v5,Одежда,"Я прикрепил значок к рубашке. Думаю, прокатит."
0,d6c1,Бутылка + Коробка хлопьев,"Мы что, завтрак готовим?"
0,d6p4,Бутылка + Чайные пакетики,"Срок годности чая давно истёк, так что нет, спасибо."
0,d6t2,Бутылка + Презервативы,"[Если D9: Читать d6v0. Иначе:] Чувак, я прекрасно знаю, как надевать презерватив."
0,d6v0,Бутылка + Презервативы,"Думаю, я мог бы сделать водяную бомбочку..."
0,d6x4,Бутылка + Свинцовая труба,"Слишком большая, чтобы использовать ее как соломинку..."
0,d8e8,Кирпич + Летающий телефон,"Конечно, после всех этих усилий, давай снова сделаем его тяжелым."
0,d8g2,Кирпич + Мобильный телефон,[Если A9: Читать d8g4. Иначе:] Вот так когда-то выглядели телефоны...
0,d8g4,Кирпич + Мобильный телефон,"Я почти уверен, что это рано или поздно сломает мой телефон."
0,d8g8,Кирпич + Фальшивая форма,"Это действительно отличная идея... погоди, нет, теперь форма вся грязная."
0,d8h3,Кирпич + Ржавый ключ,[Если A9: Читать d8h9. Иначе:] Этот ключ и так в довольно плохом состоянии.
0,d8h9,Кирпич + Ржавый ключ,Худший. Брелок. В мире!
0,d8i0,Использовать Кирпич,"Думаю, я просто подержу это, пока не буду знать, что с ним делать."
0,e1p5,Использовать Одежду,"В карманах пусто. И я не вижу причин, почему я должен это надевать."
0,e1r3,Одежда + Коктейль,Это только покрасило бы их в синий цвет.
0,e5b3,Метла + Фальшивая форма,"Думаю, я мог бы сделать пугало..."
0,e5t7,Метла + Спички,"Ну, я мог бы использовать это как факел..."
0,e6b2,Открытка,[Вы можете использовать открытку для путешествия в любую локацию...]
0,g6p5,Осмотреть ключ,"На бирке написано ""Кладовая""."
0,h3j8,Магнитная карта + Магнит,"Чувак, отличная идея, давай сделаем эту карту абсолютно бесполезной... [Возьмите карту №58.]"
0,h4h9,Мобильный телефон + Воздушный шар,"[Если A8: Читать h4i0. Иначе:] Что бы я ни делал, телефон все время отваливается."
0,h4i0,Мобильный телефон + Воздушный шар,[Удалите карты №12 и №13. Вычеркните F8. Возьмите карту №08.]
0,h4j8,Мобильный телефон + Магнит,Это может стереть мою память... Я бы очень не хотел забыть свою главную цель.
0,h4x9,Мобильный телефон + Чайные пакетики,"У Майка, наверное, есть дела поважнее, чем смеяться над моими шутками."
0,h5e8,Вешалка + Летающий телефон,"Нет, слишком тяжелый."
0,h5g8,Вешалка + Фальшивая форма,"Не думал, что это возможно, но это действительно работает! [Вычеркните E6. Удалите карту №01.]"
0,h5m7,Вешалка + Одежда,"М-м, да, вроде есть смысл, но... зачем?"