Location,Code,Object,Text,,,,,,,,,
1,bob3,,"Гей, ти що робиш? Ніхто не казав тобі читати цей код! [Візьміть картку №39.]",,,,,,,,,
1,i3x3,Лампа + Сірники,У мене немає з собою сірників; я викинув їх у вікно і так і не забрав.,,,,,,,,,
1,m8g2,Острів Канталуп + Мобільний телефон,"Чоловік у магазині сказав, що цією штукою можна робити фото. Навіщо мені фото мене і мобільного телефона? Я вже не розумію цей світ.",,,,,,,,,
1,d6b3,,"Гей, ніхто не дозволяв тобі це читати! Переконайся, що читаєш лише те, що дозволено. Почни з огляду об'єктів праворуч.",,,,,,,,,
1,i4c0,Лампа + Сірники,"Так, гадаю, я міг би використати це, щоб їх висушити. Ось так, тепер вони мають бути готові. [Викресліть F1 та K2.]",,,,,,,,,
1,h5p4,Острів Канталуп + Чайні пакетики,Читайте i2p1.,,,,,,,,,
1,i4c7,Лампа + Сірники,Але сірники вже сухі.,,,,,,,,,
1,i2p1,,"О, мушу попередити: у майбутньому, якщо ти поєднаєш два предмети, які не пасують один одному, я можу тобі про це нагадати. Не зараз, звісно, бо це перша локація, але надалі, якщо спробуєш хлюпнути водою на розетку чи втнути щось настільки ж «геніальне», я висловлю свою «думку» з цього приводу. Тож зроби нам усім послугу і приймай розумні рішення, гаразд? Дякую.",,,,,,,,,
1,i5x9,Лампа + Чайні пакетики,Вони вже сухі.,,,,,,,,,
1,i3b4,Лампа + Мобільний телефон,Читайте i2p1.,,,,,,,,,
1,i3b6,Лампа + Одяг,[Якщо D4 або D5: Читайте i3k4. Інакше:] Він сухий.,,,,,,,,,
1,i3k4,Лампа + Одяг,"Гарна ідея, але він уже висох дорогою сюди.",,,,,,,,,
1,i3p5,Оглянути лампу,"Я майже не вимикаю її. Вона така гаряча, що я сушу на ній сорочки.",,,,,,,,,
1,i3t7,Лампа + Сірники,"[Якщо K2: Читайте i4c7. Якщо K9: Читайте i4c0. Якщо F2: Читайте i3x3. Інакше:] Гадаю, ця лампа досить гаряча, щоб висушити сірники. Річ у тім... вони все ще у в'язниці.",,,,,,,,,
1,m1e5,Чайні пакетики,"Вони були тут, коли я приїхав. І в них ду-у-уже давно минув термін придатності. Чувак, я навіть не знав, що тоді взагалі РОБИЛИ чай. Але я візьму трохи, звісно. [Викресліть D8. Візьміть картку №21.]",,,,,,,,,
1,m1i0,,"[Ти пропустив навчання, еге ж? Коли ти поєднуєш два предмети або використовуєш лупу на предметі, ти повинен читати відповідний код в інвентарі, а не в локації, де ти зараз перебуваєш. Тож, чого ти чекаєш? Відкрий інвентар і прочитай m1i0 там.]",,,,,,,,,
1,m1r2,Маяк,"Поки що це буде моєю базою. Він бачив кращі часи, це правда, але гей — принаймні календар свіжий!",,,,,,,,,
1,m8i0,Оглянути Острів Канталуп,Я бачу Особняк Вайта вдалині. Вже недовго залишилося. Але спершу мені треба знайти команду.,,,,,,,,,
1,x5m8,,"З половиною команди розібралися. Тепер мені просто треба придумати, як стягнути Алісу з тієї сцени.",,,,,,,,,
1,z9z3,,"Гей, ти що робиш? Ніхто не казав тобі читати цей код! [Візьміть картку №39.]",,,,,,,,,
2,b0b3,,"Гей, ти що робиш? Ніхто не казав тобі читати цей код! [Візьміть картку №39.]",,,,,,,,,
2,k4m1,Плакат + Мобільний телефон,"Глянемо, коли вони відчинені. [Ви набираєте номер з плаката; за мить комп'ютерний голос каже: «Набраний вами номер не обслуговується».] Дідько, та байдуже. Це бар; мабуть, відчиняється ввечері.",,,,,,,,,
2,c1h8,Поштова скринька + Магніт,Підтверджено: вона магнітна.,,,,,,,,,
2,c1r9,Поштова скринька + Цегла,"Нє-а, сьогодні я не в настрої щось трощити.",,,,,,,,,
2,d4b1,Фургон,"Так, старенький фургон. Ми багато пережили разом. Здебільшого Німеччину.",,,,,,,,,
2,d6i0,Оглянути Поштову скриньку,"Гей, ви тільки гляньте, листівка! Боже, вона така стара, що ледь не розсипається. Треба з нею обережніше. [Викресліть H2. Візьміть листівку. Відтепер ви можете використовувати її для подорожі до будь-якої локації (або сцени), яка там вказана. Коли захочете залишити поточну локацію, просто оберіть іншу зі списку. Це можна робити в будь-який момент. Деякі локації заблоковані — для них потрібно викреслити певні тригери. Зазвичай це стається, коли Гак дізнається про нове місце.] Гаразд, куди спершу?",,,,,,,,,
2,k3i0,Оглянути Двері,"Схожі на двері від туалетної кабінки. Графіті говорить: «Гей, сховай це назад у штани!»",,,,,,,,,
2,k4b4,Плакат + Мобільний телефон,"[Якщо D3: Читайте k4m1. Інакше:] Мабуть, мені варто спершу поглянути на цей плакат, перш ніж утнути щось кумедне.",,,,,,,,,
2,k4p5,Оглянути Плакат,"Це афіша «Блакитної Мамби», місцевого джаз-клубу. Там грають «Аліса та Корнерстоунз». Джазова співачка, га? Вона може бути ідеальною кандидаткою на роль Жінки в червоному. [Викресліть D3.]",,,,,,,,,
2,z6h3,Сміття,"Ритися у смітті? Звісно, чому б і ні? Не те щоб єдина різниця між мною та безхатченком полягала в тому, що я справді зберігаю геть непотрібний мотлох.",,,,,,,,,
2,z9z3,,"Гей, ти що робиш? Ніхто не казав тобі читати цей код! [Візьміть картку №39.]",,,,,,,,,
3,b0b3,,"Гей, ти що робиш? Ніхто не казав тобі читати цей код! [Візьміть картку №39.]",,,,,,,,,
3,z8b4,Металошукач + Мобільний телефон,"Е, так діло не піде. Мені доводиться залишати рюкзак біля входу, а все, що я маю при собі, ця штука засікає.",,,,,,,,,
3,z8i5,Металошукач + Листівка,"Не думаю, що вони будуть проти шматка картону.",,,,,,,,,
3,z8s0,Металошукач + Викрутка,"Я майже впевнений, що вона зроблена з металу. Треба пронести її якось інакше.",,,,,,,,,
3,r6e5,Металошукач + Передавач,"Я майже впевнений, що він зроблений з металу. Треба пронести його якось інакше.",,,,,,,,,
3,r6s2,Оглянути Металошукач,"Це одна з тих модних штук-воріт. Якщо я пронесу через них щось металеве, охоронець дізнається.",,,,,,,,,
3,v9e3,Охоронець + Іграшковий значок,"Ага, давай помахаємо цим у нього перед носом... Він точно, дідько б його взяв, поведеться. Особливо зблизька, телепню.",,,,,,,,,
3,v9i0,Оглянути Охоронця,"Виглядає так, наче ось-ось засне. Але готовий побитися об заклад, він миттєво прокинеться, якщо детектор почне пищати.",,,,,,,,,
3,v9p5,Охоронець + Листівка,"«Погляньте на цю листівку, яку я отримав від фаната!» — «Проходь, друже».",,,,,,,,,
3,v9s8,Охоронець + Викрутка,"Я шахрай, а не вбивця.",,,,,,,,,
3,v9t2,Охоронець + Презервативи,"(зітхає) Вибач, що розчаровую, але це тобі не «Ларрі у вихідному костюмі», друже.",,,,,,,,,
3,z9z3,,"Гей, ти що робиш? Ніхто не казав тобі читати цей код! [Візьміть картку №39.]",,,,,,,,,
4,bob3,,"Гей, що ти робиш? Ніхто не казав тобі читати цей код! [Візьміть картку №39.]",,,,,,,,,
4,h4d4,Сміттєвий бак + Монета,"Виглядає легально. [Поверніть картку №06 до колоди. Якщо E8: Читайте h4m7. Якщо E3: Читайте h4k3. Інакше:] Якщо подумати, можливо, це була не найкраща ідея... але я точно, в біса, не збираюся ритися в тому смітті, щоб дістати свою монету. [Викресліть E3.]",,,,,,,,,
4,h4k3,Сміттєвий бак + Монета,"Схоже, ця монета втрачена назавжди — не збираюся копатися там заради неї. [Викресліть E8.]",,,,,,,,,
4,h4m7,Сміттєвий бак + Монета,[Перейдіть до локації 19 і прочитайте там v9z9.],,,,,,,,,
4,h4p5,Оглянути Сміттєвий бак,"[Якщо F2: Читайте h5h4. Інакше:] Гей, це виглядає корисним. [Викресліть E1. Візьміть картку №23.]",,,,,,,,,
4,h5h4,Оглянути Сміттєвий бак,"[Якщо F1: Читайте h6d2. Інакше:] А, ось вони. [Викресліть K9. Візьміть картку №26.]",,,,,,,,,
4,h6d2,Оглянути Сміттєвий бак,"А, ось вони. [Викресліть K2 та K9. Візьміть картку №26.]",,,,,,,,,
4,h7g4,Сміттєвий бак + Коробка пластівців,"Насправді мені досить подобається тягати з собою сміття, що кишить личинками, тож я залишу його собі. Але дякую за турботу.",,,,,,,,,
4,h7j8,Сміттєвий бак + Магніт,"Так, воно магнітне. Задоволений?",,,,,,,,,
4,h8z3,Фальшива уніформа,"Мені треба якось туди піднятися, і швидко.",,,,,,,,,
4,i7c7,Стіна + Креслення,"За цією стіною має бути псарня. Мабуть, гарна ідея — уникати собак.",,,,,,,,,
4,i7h8,Стіна + Магніт,"Нічого. Я думав, може, вдасться спіймати собаку за нашийник.",,,,,,,,,
4,i7r9,Стіна + Цегла,"[Якщо A9: Читайте j2x4. Інакше:] Авжеж, давай повернемо її до її родичів. Ну-ну, Цеглинко, ти тепер вдома. Я сумуватиму за тобою. Буквально, навіть. [Поверніть картку №05 до колоди.]",,,,,,,,,
4,j2x4,Стіна + Цегла,"Розумно, але колючий дріт просто розірве зубну нитку на шматки.",,,,,,,,,
4,j5h8,Контейнер + Магніт,Так і думав! Ця блискуча штука виявилася магнітною. [Викресліть F3. Візьміть картку №01.],,,,,,,,,
4,m2b3,Летючий телефон,"Гаразд, давайте зробимо це якомога швидше, поки ніхто не помітив.",,,,,,,,,
4,r0k9,,"[Покладіть картку №44 у цю локацію.] Гаразд, ми на півдорозі. Що тепер?",,,,,,,,,
4,t7e5,Вікно + Передавач,Це просто наробило б багато шуму.,,,,,,,,,
4,t7h7,Вікно + Креслення,"Згідно з кресленнями, це вікно до кімнати відпочинку охорони. Це також єдине вікно, яке не видно з охоронних веж.",,,,,,,,,
4,t7h9,Вікно + Повітряна кулька,"Так, це, безумовно, чудовий спосіб пронести презерватив.",,,,,,,,,
4,t7z9,Вікно + Вішалка,Занадто високо.,,,,,,,,,
4,t9b3,Вікно + Фальшива уніформа,Ця форма не дуже добре піддається киданню.,,,,,,,,,
4,t9b4,Вікно + Мобільний телефон,"Я міг би кинути його, але він просто вдариться об ґрати і розіб'ється. А це означало б, що я втрачу всі свої улюблені додатки.",,,,,,,,,
4,t9d4,Вікно + Монета,"Було б непоганим тренуванням з метання, але мені насправді не потрібна монета там нагорі.",,,,,,,,,
4,t9p5,Оглянути Вікно,Тут доволі товсті ґрати.,,,,,,,,,
4,i9t8,Вікно + Летючий телефон,"[Якщо D7: Читайте t9z3. Інакше:] Це блискуча ідея, і я обов'язково повинен це зробити, як тільки зможу забрати його зсередини, але спершу мені потрібно туди піднятися.",,,,,,,,,
4,t9z3,Вікно + Летючий телефон,Є! [Поверніть картку №08 до колоди. Викресліть B3. Покладіть картку №40 у цю локацію. Покладіть картку №41 у локацію 08.],,,,,,,,,
4,v1g6,Стіна + Монета,"Я міг би перекинути її через стіну, але навіщо?",,,,,,,,,
4,v1i0,Оглянути Стіну,"Нічого не входить, нічого не виходить. Шкода, що ці контейнери не можна ставити один на один. Мабуть, вони врахували це, коли купували їх.",,,,,,,,,
4,v1t0,Стіна + Зубна нитка,"Я не можу її кинути, вона занадто легка.",,,,,,,,,
4,v4i0,Оглянути Контейнер,"Фу! Смердить так, ніби зграя котів влаштувала тут оргію і здохла. Гей, чекай... Ззаду стирчить щось блискуче, але я не можу дотягнутися.",,,,,,,,,
4,z9z3,,"Гей, що ти робиш? Ніхто не казав тобі читати цей код! [Візьміть картку №39.]",,,,,,,,,
5,b0b3,,"Гей, що ти робиш? Ніхто не казав тобі читати цей код! [Візьміть картку №39.]",,,,,,,,,
5,i6i0,Оглянути Ліфт,[Якщо B5 і F6: Читайте c0g4. Якщо J2: Читайте i7e5. Інакше:] Він захищений клавіатурою. Мені знадобиться чотиризначний код. [Викресліть J1.],,,,,,,,,
5,i7e5,Оглянути Ліфт,Що це? Клавіатура... і ще один чотиризначний код?!,,,,,,,,,
5,k9d3,Двері + Викрутка,"Я міг би... якби це не був запобіжний замок. І мені не дуже зручно зламувати замок тут, у головному коридорі.",,,,,,,,,
5,n0n0,Клавіатура,Введімо 2-0-2-0. [Нічого не відбувається.],,,,,,,,,
5,s0s0,Клавіатура,"Можливо, вони забули встановити код... [Ви вводите 0-0-0-0.]",,,,,,,,,
5,s6y5,Клавіатура,Введімо 0-6-1-5. [Нічого не відбувається.],,,,,,,,,
5,t0r1,Увійти в зону відвідувань,[Перейдіть до сцени C.],,,,,,,,,
5,u2u2,Клавіатура,"Спробуймо 4-2-4-2. [На дисплеї написано «Без паніки!», але більше нічого не відбувається. Візьміть картку №42.]",,,,,,,,,
5,u4u4,Клавіатура,[Ви вводите чотири четвірки. Нічого не відбувається.],,,,,,,,,
5,c0g4,Клавіатура,"Я знаю код ліфта, у мене є креслення... але мені все ще бракує маскування.",,,,,,,,,
5,y0l7,Клавіатура,"Гаразд, спробуймо 1-0-6-7. [Читайте z0p5.]",,,,,,,,,
5,y5s6,Клавіатура,Введімо 1-5-0-6. [Нічого не відбувається.],,,,,,,,,
5,c1r5,Креслення,"Гаразд, час уважніше поглянути на ці креслення. [Викресліть K1. Візьміть картку №43.]",,,,,,,,,
5,y9l4,Клавіатура,"Гаразд, спробуймо рік на монеті, 1-9-6-4. [Нічого не відбувається.]",,,,,,,,,
5,y9n2,Клавіатура,Спробуймо 1-9-2-2. [Нічого не відбувається.],,,,,,,,,
5,f6s1,Клавіатура,Спробуймо 7-6-0-1. [Нічого не відбувається.],,,,,,,,,
5,y9s4,Клавіатура,Подивимося... 1-9-0-4. [Нічого не відбувається.],,,,,,,,,
5,h3k6,Двері + Ключ,Сидить як влитий! [Викресліть G8. Видаліть картку №18 з гри. Перейдіть до локації 11.],,,,,,,,,
5,h3p5,Оглянути Двері,"[Якщо G8: Читайте h6r1. Інакше:] Замкнено, звісно ж.",,,,,,,,,
5,h6r1,Увійти в комору,[Перейдіть до локації 11.],,,,,,,,,
5,i1m4,Кондиціонер,"Гаразд, так, впустімо трохи повітря! Фух, так, так краще.",,,,,,,,,
5,z0p5,Клавіатура,"[Ліфт із брязкотом починає рухатися. Викресліть B5. Видаліть накладку картки №57. Якщо F6: Читайте c0g4. Інакше:] Але, мабуть, спершу мені варто добре роздивитися креслення.",,,,,,,,,
5,z9z3,,"Гей, що ти робиш? Ніхто не казав тобі читати цей код! [Візьміть картку №39.]",,,,,,,,,
6,bob3,,"Гей, що ти робиш? Ніхто не казав тобі читати цей код! [Візьміть картку №39.]",,,,,,,,,
6,k8r3,Оглянути Сейф,"Замкнено, звичайно. Ще один чотиризначний код?",,,,,,,,,
6,i7n0,Сейф,"Може, це день народження дівчинки і поточний рік, 6-7-2-0. Ні, нічого.",,,,,,,,,
6,i7y1,Сейф,"Гаразд, це останнє, що я спробую. 6-7-1-1. [Сейф клацає і відчиняється.] [Викресліть A4. Візьміть картку №18.]",,,,,,,,,
6,n0n0,Сейф,[Ви вводите 2-0-2-0.],,,,,,,,,
6,n0y1,Сейф,"Добре, спробуймо 2-0-1-1.",,,,,,,,,
6,p7p5,Оглянути Коня,"Я б поговорив з ним, але мені здається, він трохи захрип.",,,,,,,,,
6,p9d3,Кінь + Викрутка,"Гей, він відкривається! «Це не Троянський кінь. Тут немає нічого важливого».",,,,,,,,,
6,p9h2,Кінь + Снігова куля,"Фільм про копів-напарників, який ось-ось вийде.",,,,,,,,,
6,r3v8,Дівчинка + Снігова куля,[Викресліть B7. Перейдіть до сцени D.],,,,,,,,,
6,s6w7,Сейф,"День народження дівчинки — давай, це має бути воно! 0-6-0-7.",,,,,,,,,
6,s6y5,Сейф,[Ви вводите 0-6-1-5.],,,,,,,,,
6,s7w6,Сейф,"День народження дівчинки, 0-7-0-6.",,,,,,,,,
6,i4j9,Комп'ютер + Викрутка,"Мусі потрібно, щоб я підключив до нього передавач.",,,,,,,,,
6,t4m6,Комп'ютер + Передавач,Чудова ідея! Якби ж у мене був передавач... Він у шафці зовні.,,,,,,,,,
6,t5r1,Комп'ютер + Передавач,Чудова ідея! Якби ж у мене був передавач... Куди я його поклав?,,,,,,,,,
6,t7e2,Комп'ютер + Передавач,"Гаразд, усе готово. [Видаліть картку №03 з гри. Викресліть B6.]",,,,,,,,,
6,c5g8,Комп'ютер + Фальшива уніформа,Спершу скомбінуй це всередині.,,,,,,,,,
6,i9t4,Комп'ютер,"Дідько, я справді сподівався, що вона буде настільки вдячна, що віддасть мені свій телефон.",,,,,,,,,
6,c5h6,Комп'ютер + Фальшива уніформа,Це не має жодного сенсу. Мені потрібно підключити передавач.,,,,,,,,,
6,t9v3,Комп'ютер,"Хм, що тепер?",,,,,,,,,
6,u2u2,Сейф,"Гаразд, спробуймо 4-2-4-2. Хто замикає рушник? [Візьміть картку №42.]",,,,,,,,,
6,f6n0,Сейф,"Можливо, це 7-6-2-0. Ні, нічого.",,,,,,,,,
6,x5p6,Оглянути Годинник,Він зупинився.,,,,,,,,,
6,f6s1,Сейф,"Гей, спробуймо 7-6-0-1 без жодної причини!",,,,,,,,,
6,y0i7,Сейф,"Гей, спробуймо 1-0-6-7 без жодної причини!",,,,,,,,,
6,f6y1,Сейф,"Гаразд, це воно. 7-6-1-1. [Сейф клацає і відчиняється.] [Викресліть A4. Візьміть картку №18.]",,,,,,,,,
6,g6d3,Сейф + Викрутка,"Хотів би я, щоб це було так просто.",,,,,,,,,
6,j8e8,Дівчинка + Летючий телефон,Не вийде. Мій телефон у шафці зовні.,,,,,,,,,
6,j8g0,Дівчина + Плаваюча клітина,[Перейдіть до сцени D.],,,,,,,,,
6,j8g8,Дівчина + Фальшива уніформа,Спершу мені треба пронести уніформу всередину.,,,,,,,,,
6,j8h6,Дівчина + Фальшива уніформа,[Перейдіть до сцени D.],,,,,,,,,
6,j8i0,Поговорити з дівчиною,[Перейдіть до сцени D.],,,,,,,,,
6,j8t5,Дівчина + Віник,"Б'юся об заклад, вона надто «зайнята», щоб прибирати в кабінеті свого батька.",,,,,,,,,
6,i9i4,Сейф,"Гаразд, рік на монеті: 1-9-6-4.",,,,,,,,,
6,y9n2,Сейф,Спробуємо 1-9-2-2.,,,,,,,,,
6,y9s4,Сейф,"Подивимося... 1-9-0-4. «Це через тебе їм доводиться писати ""не пити"" на відбілювачі, еге ж?»",,,,,,,,,
6,z0b3,Сейф,"Можливо, код, який надіслав мені Муха: 1-0-6-7. [Нічого не відбувається.]",,,,,,,,,
6,y0y0,Сейф,"Гаразд, спробуємо час із годинника: 1-0-1-0.",,,,,,,,,
6,y1i7,Сейф,"Окей, це воно. 1-1-6-7. [Сейф клацає і відчиняється.] [Викресліть A4. Візьміть картку №18.]",,,,,,,,,
6,i5s6,Сейф,[Ви вводите 1-5-0-6.],,,,,,,,,
6,j8z0,Дівчина + Ключ,"Їй, мабуть, не варто знати, що він у мене є...",,,,,,,,,
6,k7p5,Оглянути Сейф,"Замкнено. Схоже, мені треба підібрати чотиризначний код. [Викресліть I2.]",,,,,,,,,
6,z9z3,,"Гей, що ти робиш? Ніхто не казав тобі читати цей код! [Візьміть картку №39.]",,,,,,,,,
7,bob3,,"Гей, ти що робиш? Ніхто не казав тобі читати цей код! [Візьміть картку №39.]",,,,,,,,,
7,e6t7,Сушарка + Сірники,Обережно... Я поки що не хочу їх підпалювати. [Викресліть F1 та K2.],,,,,,,,,
7,e6t8,Сушарка + Сірники,"Гадаю, ця сушарка досить гаряча. Річ у тім... вони все ще у в'язниці.",,,,,,,,,
7,e7f4,Сушарка + Сірники,"Так, гадаю, я міг би використати це, щоб висушити їх. [Викресліть F1 та K2.]",,,,,,,,,
7,e7m5,Сушарка + Сірники,Але сірники вже сухі.,,,,,,,,,
7,p1i0,Оглянути Мило,"Мило — це... це таке 20-те століття, розумієш?",,,,,,,,,
7,p1m4,Мило + Креслення,"Не думаю, що є потреба позначати, де тут туалети.",,,,,,,,,
7,p1p5,Мило + Рушник,Я не збираюся зараз приймати душ.,,,,,,,,,
7,p1r9,Мило + Цегла,"Ні, вони й так достатньо важкі.",,,,,,,,,
7,p2i0,Оглянути Дзеркало,"Ах, Гаку, ти красунчик. [Викресліть G1. Візьміть картку №20.]",,,,,,,,,
7,s3k5,Раковина + Іграшковий значок,Прання не зробить його більш правдоподібним.,,,,,,,,,
7,s3m4,Раковина + Сірники,Навіщо мені їх мочити?,,,,,,,,,
7,s3t7,Раковина + Чайні пакетики,Якби ж то була гаряча вода.,,,,,,,,,
7,v9i0,Оглянути Вентиляцію,"Звідси надходить повітря. Занадто високо, не дістати.",,,,,,,,,
7,x7h5,Кабінка + Фальшива уніформа,"Так, трохи приватності нікому не завадить. [Перейдіть до локації 09. Додайте накладку №57.]",,,,,,,,,
7,x7i0,Оглянути Кабінку,Зайнято.,,,,,,,,,
7,x7v8,Кабінка + Коктейль,"Не думаю, що мені варто пити це тут.",,,,,,,,,
7,z9z3,,"Гей, ти що робиш? Ніхто не казав тобі читати цей код! [Візьміть картку №39.]",,,,,,,,,
8,b0b3,,"Гей, ти що робиш? Ніхто не казав тобі читати цей код! [Візьміть картку №39.]",,,,,,,,,
8,h6p5,Оглянути Трубу,"Кажуть, таке треба мати в кожному домі.",,,,,,,,,
8,p4p5,Оглянути Годинник,"Найкращий час — 6:30, як не крути.",,,,,,,,,
8,r9d3,Шафа + Викрутка,"Ага, саме звідси я взяв цього поганця.",,,,,,,,,
8,c2e8,Вікно + Летючий телефон,"Я витратив стільки часу, щоб підняти його сюди; навіщо мені його відпускати?",,,,,,,,,
8,i1j9,Відкрита труба + Викрутка,Труби вже немає.,,,,,,,,,
8,r9h2,Шафа + Снігова куля,"Ні, просто ні. Навіщо ставити її тут на шафу?!",,,,,,,,,
8,c2i0,Оглянути Вікно,"Чудово, тепер треба просто втягнути ту форму... [Викресліть D7. Візьміть картку №22. Приберіть накладку №44 та картку №34.]",,,,,,,,,
8,i9j9,Вікно + Викрутка,"Якби я хотів його відчинити, я б просто... відчинив його.",,,,,,,,,
8,i9v8,Вікно + Снігова куля,"Я міг би викинути це, але навіщо?",,,,,,,,,
8,v3k6,Шафа + Ключ,Я не бачу замкової щілини.,,,,,,,,,
8,k2i0,Оглянути Відкриту трубу,"Сподіватимемося, вона не веде до туалету нагорі.",,,,,,,,,
8,v3m9,Шафа + Ключ,"Я отримав те, що треба. І, до речі, вона не замкнена...",,,,,,,,,
8,c2i7,Оглянути Вікно,"Схоже, я не залишив відбитків.",,,,,,,,,
8,k2k7,Відкрита труба + Труба,"Та ні, поки що зійде.",,,,,,,,,
8,m2i0,Оглянути Вікно,"Нарешті. Затягуємо, поки ніхто не побачив. [Викресліть C7. Візьміть картку №08. Приберіть накладку №41 та картку №40.]",,,,,,,,,
8,v3p5,Оглянути Шафу,"Ну, що тут у нас? [Викресліть G2. Візьміть картку №17.]",,,,,,,,,
8,c2j0,Вікно + Сірники,"Гаразд, так, викиньмо їх. В яблучко! [Поверніть картку №26. Викресліть F2.]",,,,,,,,,
8,z9v9,Вікно + Сірники,просто викинемо сірники... [Поверніть картку №26. Викресліть F2.],,,,,,,,,
8,m2j0,Вікно + Сірники,"Гаразд, повернімо це на місце, поки ніхто не помітив. [Приберіть накладку №45. Локації 09 та 10 тепер заблоковані.]",,,,,,,,,
8,z9z3,,"Гей, ти що робиш? Ніхто не казав тобі читати цей код! [Візьміть картку №39.]",,,,,,,,,
8,c2k7,Вікно + Труба,Вона не пролазить між ґратами.,,,,,,,,,
8,c2t5,Вікно + Мітла,Викинути її? Потім буде пекельно важко дістати назад.,,,,,,,,,
8,c2z0,Вікно + Ключ,Не треба; вікно не замкнене.,,,,,,,,,
8,c6d3,Годинник + Викрутка,Я не годинникар.,,,,,,,,,
8,d3z4,Сірники,"Ох, дідько. Ці сірники наскрізь мокрі! [Викресліть G6. Візьміть картку №26.]",,,,,,,,,
8,g8d3,Труба + Викрутка,"Ого, це було аж надто легко. [Викресліть G1. Візьміть картку №16. Покладіть картку №45.]",,,,,,,,,
8,m2k7,Вікно + Труба,Вікно відчинене. Немає потреби його розбивати.,,,,,,,,,
8,m2t5,Вікно + Мітла,Вікно відчинене. Немає потреби його розбивати.,,,,,,,,,
8,m2z0,Вікно + Ключ,Прикинь: Вікно. Відчинене.,,,,,,,,,
8,p1j9,Вікно + Викрутка,"Якби я хотів його відчинити, я б просто... відчинив його.",,,,,,,,,
8,p1v8,Вікно + Снігова куля,Мій телефон — не піньята.,,,,,,,,,
9,b0b3,,"Гей, ти що робиш? Ніхто не казав тобі читати цей код! [Візьміть картку №39.]",,,,,,,,,
9,d9b3,Охоронець + Фальшива уніформа,Моя виглядає точнісінько як його! [Перейдіть до сцени A.],,,,,,,,,
9,d9i0,Оглянути Охоронця,"Він їсть. Здається, не помічає мене.",,,,,,,,,
9,d9p5,Охоронець + Листівка,"«Не зараз, я їм. Проходь, друже».",,,,,,,,,
9,d9s8,Охоронець + Викрутка,"Я шахрай, а не вбивця.",,,,,,,,,
9,g3c7,Карта в'язниці + Креслення,Кухня прямо за тією стійкою.,,,,,,,,,
9,g3i0,Оглянути Карту в'язниці,Це план в'язниці. Ми знаходимося тут.,,,,,,,,,
9,g3s8,Карта в'язниці + Викрутка,"Не думаю, що варто псувати мапу.",,,,,,,,,
9,k3i0,Оглянути Двері кухні,Замкнено.,,,,,,,,,
9,k3z0,Двері кухні + Ключ,Не той ключ.,,,,,,,,,
9,v8m4,Сміття + Сірники,Я не збираюся підпалювати сміття.,,,,,,,,,
9,v8z3,Сміття + Фальшива уніформа,Вона вже на мені.,,,,,,,,,
9,z9z3,,"Гей, ти що робиш? Ніхто не казав тобі читати цей код! [Візьміть картку №39.]",,,,,,,,,
10,bob3,,"Гей, ти що робиш? Ніхто не казав тобі читати цей код! [Візьміть картку №39.]",,,,,,,,,
10,c8k7,Камера + Труба,"Щойно хтось помітить, що вона не працює, одразу здіймуть ґвалт.",,,,,,,,,
10,d3j9,Камера + Викрутка,Не можу. Занадто високо.,,,,,,,,,
10,d3m6,Камера + Передавач,"Єдине, що тут транслюється — це твої спалахи геніальності.",,,,,,,,,
10,d5i8,Гітара,Статистика трафіку на «Шосе в пекло» проти «Сходів у небо».,,,,,,,,,
10,m1e5,Труба,Вона закрита від камери книжками.,,,,,,,,,
10,m5io,Оглянути Книжки,"Книжки із саморозвитку. «Моя перша заточка», «Контрабанда для чайників».",,,,,,,,,
10,m5k8,Оглянути Книжки,Не дістати.,,,,,,,,,
10,m5t5,Книжки + Мітла,Навіщо мені це?,,,,,,,,,
10,b5e1,Снігова куля + Труба,Занадто далеко. І камера мене помітить.,,,,,,,,,
10,m5v4,Книжки + Мітла,"Книжки починають падати, як доміно. Остання вдаряє по сніговій кулі. [Викресліть D1. Приберіть картку №48. Перейдіть до локації 09 та читайте g7e4.]",,,,,,,,,
10,b5p5,Оглянути Снігову кулю,"Не можу дістати так, щоб мене не помітили. [Викресліть J8.]",,,,,,,,,
10,b5to,Оглянути Снігову кулю,Тепер мені просто треба якось змусити снігову кулю впасти в трубу.,,,,,,,,,
10,c8e8,Камера + Летючий телефон,"Зробити фото... На жаль, єдиний додаток, який я знаю — це «Змійка». [Візьміть картку №49.]",,,,,,,,,
10,c8g8,Камера + Фальшива уніформа,На записі буде лише чорний екран.,,,,,,,,,
10,o8io,Оглянути Камеру,Ненавиджу ці штуки.,,,,,,,,,
10,r6c7,Карти,Я б показав тобі картковий фокус...,,,,,,,,,
10,i9x3,,[Покладіть картку №48 у цю локацію.],,,,,,,,,
10,z9z3,,"Гей, ти що робиш? Ніхто не казав тобі читати цей код! [Візьміть картку №39.]",,,,,,,,,
11,b0b3,,"Гей, ти що робиш? Ніхто не казав тобі читати цей код! [Візьміть картку №39.]",,,,,,,,,
11,c9t8,Відкрита вентиляція + Летючий телефон,"[Якщо C7: Читайте d0t4. Якщо B3: Читайте c9v7. Інакше:] Хотів би я мати це зараз, але воно все ще в шафці зовні.",,,,,,,,,
11,k0j9,Стелаж + Викрутка,"Та ні, у мене є цікавіші справи, ніж розбирати цю штуку.",,,,,,,,,
11,b0g8,Банки + Фальшива уніформа,"Кольори вже не стануть кращими, ніж є.",,,,,,,,,
11,t0t0,Мітла,Мені не потрібна ще одна.,,,,,,,,,
11,c9v7,Відкрита вентиляція + Летючий телефон,"Так, хотів би я мати це зараз, але воно все ще висить перед вікном.",,,,,,,,,
11,b0i0,Оглянути Банки,Переважно фарба.,,,,,,,,,
11,x1i0,Оглянути Стелаж,Нічого особливого.,,,,,,,,,
11,b0t5,Банки + Мітла,"Це мітла, а не пензлик.",,,,,,,,,
11,d0t4,Відкрита вентиляція + Летючий телефон,"[Якщо B6: Читайте d1r1. Інакше:] Чудова ідея, але якщо Муху спіймають з контрабандою, все може піти шкереберть.",,,,,,,,,
11,x1t5,Стелаж + Мітла,Досить чисто... здається.,,,,,,,,,
11,b7p5,Оглянути Вентиляцію,Вона дуже високо.,,,,,,,,,
11,b7t1,Вентиляція + Мітла,"[Якщо H5: Читайте b7t4. Інакше:] Може, мені варто трохи уважніше вивчити креслення в'язниці.",,,,,,,,,
11,b7t4,Вентиляція + Мітла,"шахта, що веде прямо до камери Мухи. [Викресліть K3. Приберіть картку №20. Покладіть картку №51.]",,,,,,,,,
11,b7t8,Вентиляція + Летючий телефон,"Гарна ідея, але вона зачинена.",,,,,,,,,
11,b9d3,Вентиляція + Викрутка,"Гадаю, її треба лише трохи підштовхнути, і вона відчиниться.",,,,,,,,,
11,c9p5,Оглянути Відкриту вентиляцію,Я бачу трохи...,,,,,,,,,
11,e4j9,Банки + Викрутка,"[Ви відкриваєте одну з банок.] Ага, фарба.",,,,,,,,,
11,j5z9,Книжки,"«Еволюція розміру паперу, книги 1–3» — захопливе чтиво, я впевнений.",,,,,,,,,
11,d1r1,Відкрита вентиляція + Летючий телефон,[Ви відпускаєте кульку у вентиляцію. Муха тягне за мотузку. Вниз падає ключ-картка! Перейдіть до сцени G.],,,,,,,,,
11,z9z3,,"Гей, ти що робиш? Ніхто не казав тобі читати цей код! [Візьміть картку №39.]",,,,,,,,,
12,b0b3,,"Гей, ти що робиш? Ніхто не казав тобі читати цей код! [Візьміть картку №39.]",,,,,,,,,
12,g1r7,Вишибала + Вішак,"Е-е, ні, я навіть не намагатимусь це зробити.",,,,,,,,,
12,g1r9,Вишибала + Цегла,тобі потрібне моє посвідчення? Ідентифікуй ЦЕ! [Вдарити цеглою по голові вишибали. Він чухає носа.],,,,,,,,,
12,h9x4,Вентиль + Свинцева труба,"[Рррррг-пфф] Вода знову пішла. [Викресліть G9. Якщо H1: Читайте i3m9. Інакше: Гаразд, що тепер?]",,,,,,,,,
12,i3m9,,[Перейдіть до локації 15 та читайте j5p0 там.],,,,,,,,,
12,j7i0,Оглянути Вентиль,"Це вентиль, що вентилює собі в ночі.",,,,,,,,,
12,k0g4,Оглянути Вентиль,Хм. Ця штука застрягла.,,,,,,,,,
12,k1g2,Оглянути Вентиль,"Думаю, з цим я закінчив.",,,,,,,,,
12,m5e7,Неонова вивіска,"Це «Блакитна Мамба», найгарячіший джаз-клуб у місті.",,,,,,,,,
12,t1z7,Гавань,"Я чув, що ілюмінатори роблять круглими, щоб хвилі не били «прямим кутом» в обличчя.",,,,,,,,,
12,z0g2,Вишибала + Мобільний телефон,У мене немає його номера.,,,,,,,,,
12,z0g6,Вишибала + Монета,[Викресліть F4. Перейдіть до сцени J.],,,,,,,,,
12,z0g8,Вишибала + Фальшива уніформа,"Не думаю, що це його обдурить.",,,,,,,,,
12,z0i0,Поговорити з Вишибалою,[Перейдіть до сцени J.],,,,,,,,,
12,z0m7,Вишибала + Одяг,Він не безхатченко.,,,,,,,,,
12,z0r3,Графіті,"Ай, карамба, справді!",,,,,,,,,
12,z0t0,Вишибала + Зубна нитка,"Е-е, не думаю, що це був би найрозумніший хід.",,,,,,,,,
12,z0v2,Вишибала + Коктейль,Я це назад не віддам!,,,,,,,,,
12,z0z3,Вишибала + Марка,[Викресліть E9. Перейдіть до сцени J.],,,,,,,,,
12,z6d4,Місяць + Монета,"Якщо піднести монету до Місяця, вони дуже схожі. Можливо, мені треба випити пігулки.",,,,,,,,,
12,z6p5,Оглянути Місяць,Раптом настала ніч. Дизайнер — повний бовдур.,,,,,,,,,
12,z9z3,,"Гей, ти що робиш? Ніхто не казав тобі читати цей код! [Візьміть картку №39.]",,,,,,,,,
12,b2h7,Місяць + Креслення,"Якби в'язниця була на Місяці, це могло б допомогти.",,,,,,,,,
12,b2j6,Місяць + Магніт,"Цікаво, чи мій магніт достатньо сильний, щоб притягнути Місяць...",,,,,,,,,
12,b2j8,Місяць + Цегла,"[Місяць врізається в Канталуп, вбиваючи всіх. Візьміть картку №28. Увімкнути режим зомбі.]",,,,,,,,,
12,b2x8,Місяць + Презервативи,"Ти ж насправді ніколи не користувався презервативом, еге ж?",,,,,,,,,
12,g1c1,Вишибала + Коробка пластівців,[Викресліть G3. Перейдіть до сцени J.],,,,,,,,,
12,g1e3,Вишибала + Іграшковий значок,"Не думаю, що це його обдурить.",,,,,,,,,
12,g1p0,,"Все пройшло добре. Здається, у мене є перша половина команди.",,,,,,,,,
12,g1p4,Вишибала + Чайні пакетики,"[Вишибала схрещує руки й хитає головою.] Хм, мабуть, ні.",,,,,,,,,
13,b0b3,,"Гей, ти що робиш? Ніхто не казав тобі читати цей код! [Візьміть картку №39.]",,,,,,,,,
13,b6h8,Іржавий ключ + Магніт,Ключ занадто далеко.,,,,,,,,,
13,b6r7,Іржавий ключ + Вішак,Не перед барменом.,,,,,,,,,
13,b6r9,Іржавий ключ + Цегла,Киданням предметів у ключ справі не зарадиш.,,,,,,,,,
13,b6v5,Іржавий ключ + Пляшка,Кидання предметів не допоможе.,,,,,,,,,
13,c7j6,Бармен + Цегла,"Е-е, ні. Не думаю, що в мене є шанси.",,,,,,,,,
13,c7k0,Бармен + Пляшка,[Викресліть H7. Перейдіть до сцени A.],,,,,,,,,
13,c7x8,Бармен + Презервативи,"Не думаю, що я в його смаку.",,,,,,,,,
13,c7x9,Бармен + Чайні пакетики,[Викресліть H8. Перейдіть до сцени A.],,,,,,,,,
13,d5j6,Музичний автомат + Цегла,Тут і так уже все зламано.,,,,,,,,,
13,d5j8,Музичний автомат + Магніт,Це ніколи не спрацює.,,,,,,,,,
13,d5k0,Музичний автомат + Пляшка,[Якщо D9: Читайте d6t9. Інакше:] Пляшка порожня.,,,,,,,,,
13,d6t9,Музичний автомат + Пляшка,"Так, гарна ідея, але він навіть не ввімкнений.",,,,,,,,,
13,e3h3,Іржавий ключ + Іржавий ключ,"Здається, у мене напад дежавю... [Режим Матриці.]",,,,,,,,,
13,e3i0,Оглянути Іржавий ключ,Не дістати.,,,,,,,,,
13,e3t0,Іржавий ключ + Зубна нитка,Заарканити ключ? Це ніколи не спрацює.,,,,,,,,,
13,h9d5,Оглянути Пляшку,Порожня пластикова пляшка. [Викресліть C8. Візьміть картку №07.],,,,,,,,,
13,k1d4,Музичний автомат + Монета,"[Поверніть картку №06. Якщо E8: Читайте k1m9. Якщо E3: Читайте k1k7. Інакше: Здається, автомат навіть не ввімкнений.]",,,,,,,,,
13,k1k7,Музичний автомат + Монета,"Я щойно витратив монету на автомат, який навіть не працює? [Викресліть E8.]",,,,,,,,,
13,k1m9,Музичний автомат + Монета,[Перейдіть до локації 19 та читайте v9z9 там.],,,,,,,,,
13,k1p5,Оглянути Музичний автомат,грає 37 реміксів на «Бугі-Вугі Екстраваганцу».,,,,,,,,,
13,r8i0,Поговорити з Алісою,[Якщо B1: Читайте r8k6. Інакше:] Спершу мені треба стягнути її з тієї сцени.,,,,,,,,,
13,r8k6,Поговорити з Алісою,"Не хочу, щоб весь гурт витріщався на нас, поки я з нею розмовляю.",,,,,,,,,
13,r8v2,Аліса + Коктейль,"Не думаю, що їй дозволено пити на роботі.",,,,,,,,,
13,v8b4,Бармен + Мобільний телефон,У мене немає його номера.,,,,,,,,,
13,v8d4,Бармен + Монета,[Викресліть H6. Перейдіть до сцени A.],,,,,,,,,
13,v8p5,Поговорити з Барменом,[Перейдіть до сцени A.],,,,,,,,,
13,v8r3,Бармен + Коктейль,[Викресліть H9. Перейдіть до сцени A.],,,,,,,,,
13,x0t2,Аліса + Презервативи,[Візьміть картку №33.],,,,,,,,,
13,x2m7,Аліса + Пляшка,Це безнадійно. Її наглядач не зводить з мене очей.,,,,,,,,,
13,z9v7,Сьогоднішня газета,"Ось марка, яку я віддав вишибалі! ВОНА КОШТУЄ СКІЛЬКИ?!",,,,,,,,,
13,z9z3,,"Гей, ти що робиш? Ніхто не казав тобі читати цей код! [Візьміть картку №39.]",,,,,,,,,
13,x0v5,Аліса + Пляшка,[Якщо D9: Читайте x2m7. Інакше:] Навіщо їй порожня пляшка?,,,,,,,,,
14,b0b3,,"Гей, ти що робиш? Ніхто не казав тобі читати цей код! [Візьміть картку №39.]",,,,,,,,,
14,i8i0,Оглянути Двері туалету,"[Якщо B1: Читайте v0b0. Якщо C4: Читайте i9i5. Якщо E4: Читайте t8p9. Інакше:] Замкнено, звісно ж.",,,,,,,,,
14,g3j6,Двері бару + Цегла,Бармен прямо за цими дверима.,,,,,,,,,
14,g3j8,Двері бару + Магніт,[Ви маневруєте ключем крізь вікно.] Так! Є. [Викресліть F7. Візьміть картку №10.],,,,,,,,,
14,h8x3,Мітла,"Фу, вона кишить личинками.",,,,,,,,,
14,t8p9,Увійти до туалету,[Перейдіть до локації 15.],,,,,,,,,
14,i9i5,Увійти до туалету,"Ні, моя робота тут закінчена.",,,,,,,,,
14,v0b0,,"(хлюп, хлюп)... «Фу, гидота!» Треба поспішати та стягнути Алісу зі сцени.",,,,,,,,,
14,z7b3,Двері бару + Фальшива уніформа,Я міг би вдати з себе копа.,,,,,,,,,
14,z7b5,Двері бару + Іржавий ключ,"Не ті двері, генію.",,,,,,,,,
14,j9r9,Двері туалету + Цегла,Я надаю перевагу вирішенню проблем мізками.,,,,,,,,,
14,p2h8,Коробки + Магніт,Тут немає магнітних об'єктів.,,,,,,,,,
14,p8i0,Оглянути Коробки,Я волію мислити «поза коробкою» (нестандартно).,,,,,,,,,
14,t8h3,Двері туалету + Іржавий ключ,"Ага, підходить. [Викресліть E4. Приберіть картку №10.] Фу, що це за сморід? [Перейдіть до локації 15.]",,,,,,,,,
14,z7p5,Оглянути Двері бару,[Якщо B1: Читайте z7v2. Інакше:] «Тільки для персоналу».,,,,,,,,,
14,z7v2,Увійти в Бар,"Звісно, тепер, коли бармена немає. [Перейдіть до локації 13.]",,,,,,,,,
14,z9z3,,"Гей, ти що робиш? Ніхто не казав тобі читати цей код! [Візьміть картку №39.]",,,,,,,,,
15,b0b3,,"Гей, ти що робиш? Ніхто не казав тобі читати цей код! [Візьміть картку №39.]",,,,,,,,,
15,j7t9,,[Вибух в унітазі. Патока витікає назовні. Викресліть C4. Ця локація тепер заблокована. Перейдіть до локації 13.],,,,,,,,,
15,b7v9,Знак,Хіба він не повинен бути над унітазом?,,,,,,,,,
15,m9z6,,просто... засунь руку в... теплу розмоклу вівсянку. [Викресліть H1. Якщо G9: Читайте j5p0. Інакше: Читайте p0b8.],,,,,,,,,
15,d2j6,Автомат + Цегла,Думай! Є менш жорстокий спосіб отримати ці презервативи.,,,,,,,,,
15,e2d4,Автомат + Монета,"[Приберіть картку №06. Викресліть C9. Візьміть картку №11.] Гей, дивись, мені випала подвійна пачка!",,,,,,,,,
15,k8g6,Смітник + Монета,[Поверніть картку №06. Якщо E8: Читайте k8h6. Якщо E3: Читайте k8h5. Інакше: Я не збираюся діставати її звідти. Викресліть E3.],,,,,,,,,
15,k8h6,Смітник + Монета,[Викресліть E8.],,,,,,,,,
15,e2p5,Оглянути Автомат,"Судячи з напису, вони зі смаком тютюну.",,,,,,,,,
15,g2x0,Свинцева труба,"Ага, ти йдеш зі мною. [Візьміть картку №24.]",,,,,,,,,
15,j5p0,,"Спрацювало! Я чую, як вода заповнює труби. [Читайте j6e2.]",,,,,,,,,
15,j6e2,,"Гаразд, 3, 2, 1... пішла! [Читайте j7t9.]",,,,,,,,,
15,k8h5,Смітник + Монета,"Бувай, монетко! Я в цьому ритися не буду.",,,,,,,,,
15,k8i0,Оглянути Смітник,"Фу, ні, дякую.",,,,,,,,,
15,m9k0,Унітаз + Пляшка,"Фу, нізащо, мені не треба зачерпувати те, що там є.",,,,,,,,,
15,m9x8,Унітаз + Презервативи,Доведеться залізти туди як слід... Зосередься на меті. [Читайте m9z6.],,,,,,,,,
15,z3t2,Оглянути Унітаз,Хтось намагався змити старий банан.,,,,,,,,,
15,z5m1,Графіті,«Що О сказала літері Q?» Дивно.,,,,,,,,,
15,z9z3,,"Гей, ти що робиш? Ніхто не казав тобі читати цей код! [Візьміть картку №39.]",,,,,,,,,
15,p0b8,,"[Ви змиваєте. Нічого не відбувається.] Дідько, у цій дірі нічого не працює.",,,,,,,,,
15,p0p5,Оглянути Раковину,[Огляд рукомийника.],,,,,,,,,
16,b0b3,,"Гей, що ти робиш? Тобі ніхто не казав читати цей код! [Візьміть картку №39.]",,,,,,,,,
16,g9x8,Плакат + Презервативи,"На коробці написано ""Соло-досвід"". [Візьміть картку №52.]",,,,,,,,,
16,m2g1,Розбиті лампочки,"Я бачу. Себто, розумію. Прикро.",,,,,,,,,
16,m7c2,Щиток + Зубна нитка,У мене якесь дежавю. Що зі мною не так?,,,,,,,,,
16,m7p5,Оглянути щиток,"Покінчимо з цим раз і назавжди. [Ви клацаєте вимикачем і опиняєтеся в повній темряві. Приберіть накладку в цій локації (картка №57) з гри. Мелодія Аліси, що лунає з колонок нагорі, обривається на півслові. Збиваючи пальці на сходах, ви навпомацки пробираєтеся крізь темряву і залишаєте джаз-клуб. Там ви знаходите Алісу, яка палить цигарку. Перейдіть до сцени E.]",,,,,,,,,
16,p3g8,Пральна машина + Фальшива форма,"Не думаю, що це потрібно. Вона чиста.",,,,,,,,,
16,p3i0,Оглянути пральну машину,Ця забита пляшками. Обожнюю це місце.,,,,,,,,,
16,t1m6,Пральна машина + Передавач,"Не думаю, що його треба прати.",,,,,,,,,
16,t1r9,Пральна машина + Цегла,"Нізащо! Ти хоч бачив, що цегла робить із пральною машиною? Ні, дякую!",,,,,,,,,
16,i1t2,Пральна машина + Презервативи,Досить з мене засмічень на сьогодні.,,,,,,,,,
16,t1v5,Пральна машина + Пляшка,"Ні, генію, це була не підказка.",,,,,,,,,
16,i5c2,Темний куток + Зубна нитка,"Я навіть не бачу, що роблю. Занадто темно.",,,,,,,,,
16,b3j6,Балони з гелієм + Цегла,"Не хочу їх розбити. Хтозна, що станеться?",,,,,,,,,
16,b3j8,Балони з гелієм + Магніт,"Ага, вони магнітні. Задоволений?",,,,,,,,,
16,b3x8,Балони з гелієм + Презервативи,"Може, ти й правий. Трохи Гелію з собою нікому не завадить, еге ж? (писклявим голосом) [Видаліть картку №11 з гри. Викресліть A5. Візьміть картку №13.]",,,,,,,,,
16,t5p5,Оглянути темний куток,"Там надто темно, я нічого не бачу.",,,,,,,,,
16,t5t7,Темний куток + Сірники,"[Якщо K2: Читати t7h8. Якщо K9: Читати t5x3. Якщо F2: Читати t5v2. Інакше:] Не вийде, сірники все ще у в'язниці.",,,,,,,,,
16,t5v2,Темний куток + Сірники,"Ех, якби ж у мене були сірники, але я викинув їх у вікно і так і не забрав.",,,,,,,,,
16,d0p5,Оглянути балони,"На балонах написано ""Гелій"".",,,,,,,,,
16,d0t7,Балони з гелієм + Сірники,"Гей, точно, влаштуймо тут гігантську пожежу! Треба підійти ближче, щоб нічого не пропустити. [Ви звалюєте купу легкозаймистих речей біля балонів.] Подивимось, що буде, якщо я запалю сірник... [Дякуємо, що грали в Cantaloop. Сподіваємося, ви чудово провели час і порекомендуєте нас усім друзям. Ми хочемо подякувати Рону Ґілберту, Оптімусу Прайму з других ""Трансформерів"" і Боно. Ця книга самознищиться через 30 секунд.]",,,,,,,,,
16,x2p5,Оглянути плакат,Чому мене це не дивує?,,,,,,,,,
16,g9h7,Плакат + Креслення,"Це не ""Втеча з Шоушенка""! Тут немає діри! (Нашим юристам знадобилося чимало часу, щоб узгодити це формулювання).",,,,,,,,,
16,g9j8,Плакат + Магніт,Тебе тягне до плаката. Хоча це магнетизм іншого роду.,,,,,,,,,
16,z9z3,,"Гей, що ти робиш? Тобі ніхто не казав читати цей код! [Візьміть картку №39.]",,,,,,,,,
16,i5x3,Темний куток + Сірники,Сірники надто мокрі. Так нічого не вийде.,,,,,,,,,
16,t7h8,Темний куток + Сірники,"Гаразд, подивимось, що тут ховається. У мене залишилося лише три сірники, сподіваюся, вистачить. [Перший сірник ламається навпіл.] Дідько. Може, цей? [Другий спалахує і майже одразу гасне.] Чорт. Сподіваюся, останній спрацює. [Видаліть картку №26 з гри. Покладіть картку №37 у цю локацію. Викресліть J6.] Ось так. Зробимо це.",,,,,,,,,
17,b0b3,,"Гей, що ти робиш? Тобі ніхто не казав читати цей код! [Візьміть картку №39.]",,,,,,,,,
17,e9g4,Оглянути пса,Виглядає дружелюбно. Але життя я б на це не поставив.,,,,,,,,,
17,f2h8,Пес + Магніт,"Не думаю, що його приваблює мій магніт.",,,,,,,,,
17,f2i0,Оглянути пса,Цей пес величезний! Я нізащо не пройду повз нього.,,,,,,,,,
17,f2j8,Пес + Цегла,"Я злодій, а не живодер.",,,,,,,,,
17,f2k7,Пес + Свинцева труба,Я не битимуся з цим звіром.,,,,,,,,,
17,f2m7,Пес + Одяг,"Не думаю, що йому цікаве моє відчуття стилю.",,,,,,,,,
17,f2s0,Пес + Зубна нитка,Я не буду чистити йому зуби ниткою.,,,,,,,,,
17,h0b0,Двері,[Якщо J3: Читати h0b2. Інакше:] Замкнено.,,,,,,,,,
17,h0b2,Увійти в будинок священника,[Перейдіть до локації 18.],,,,,,,,,
17,i8p5,Оглянути статуї,"Виглядають так, ніби бачили кращі часи.",,,,,,,,,
17,j1i0,Оглянути будку,Виглядає як дуже зручна будка. Для ведмедя.,,,,,,,,,
17,j1m4,Будка + Сірники,Я не збираюся підпалювати його хату.,,,,,,,,,
17,k1i0,Оглянути могилу,Тут спочиває... бла-бла-бла.,,,,,,,,,
17,m2b3,Будинок священника,Виглядає затишно. Якщо ігнорувати гігантського пса та цвинтар.,,,,,,,,,
17,z9z3,,"Гей, що ти робиш? Тобі ніхто не казав читати цей код! [Візьміть картку №39.]",,,,,,,,,
18,d1h3,Вимикач + Зубна нитка,"[Ви клацаєте вимикачем і прив'язуєте його зубною ниткою. На вулиці вмикається світло. Ви закриваєте щиток. Приберіть накладку в цій локації (картка №35) з гри. Викресліть C2.] Гаразд, валімо звідси, поки це не стало проблемою. [Знайдіть спосіб покинути квартиру.]",,,,,,,,,
18,d1p5,Оглянути вимикач,"Вимикач автоматично відскакує назад. Дідько, і що тепер?",,,,,,,,,
18,d4b7,Косметика,"""Eau de Toilette"", ""Fleur du Male""... Тут ще є номер гарячої лінії, і... гей, а це що? [Викресліть A8. Візьміть картку №02.]",,,,,,,,,
18,g0r9,Дзеркало + Цегла,"Та жіночка не випустить мене, якщо я розіб'ю її дзеркало!",,,,,,,,,
18,g2h8,Щиток + Магніт,"Мені не потрібен магніт, щоб відкрити щиток.",,,,,,,,,
18,g2r9,Щиток + Цегла,"Я маю його полагодити, а не зламати.",,,,,,,,,
18,j2j6,Вимикач + Цегла,Цегла не втримає цей перемикач.,,,,,,,,,
18,j2j8,Вимикач + Магніт,Тому що наука!?,,,,,,,,,
18,b8z9,Гумова качка + Вішак,"Теж непогана ідея, але вона надто слизька... і все ще мокра, тож не думаю, що це врятує мене від удару струмом.",,,,,,,,,
18,j2z9,Вимикач + Вішак,"Гарна ідея, але боюсь, що мене вдарить струмом, якщо я спробую.",,,,,,,,,
18,x5i0,Оглянути щиток,"Так близько до душу?! Хіба це не порушення техніки безпеки? Фух... Ну, якщо це єдиний вихід, подивимося, що я можу зробити. [Викресліть J7. Покладіть картку №35 у цю локацію.]",,,,,,,,,
18,b9z6,Двері,"[Якщо C2: Читати c0b9. Якщо C3: Читати c0b1. Інакше:] Я не піду, поки не знайду передавач і не вирішу проблему дами з електрикою.",,,,,,,,,
18,x5k1,Одяг,"Цікаво, чи помітить вона, якщо вони зникнуть. З іншого боку, куди вона поскаржиться? У ""Хлюп та Плюх""? Домовилися. Я їх забираю. [Викресліть A6. Візьміть картку №04.]",,,,,,,,,
18,c0b1,Двері,[Перейдіть до сцени F.],,,,,,,,,
18,c0b9,Двері,"[Якщо A6: Читати c0c3. Інакше:] Мабуть, варто роздивитися краще; іншого шансу в мене не буде.",,,,,,,,,
18,z1i0,Двері,[Викресліть K6. Перейдіть до сцени F.],,,,,,,,,
18,c0c3,Вимикач + Мобільний телефон,"Ззаду є номер. Подивимось... [Служба підтримки відповідає, і ви пояснюєте ситуацію.] ... Бракована модель, кажете? І нічого не можна зробити? ... Зрозуміло, що ж, дякую. [Ви кладете слухавку] Дідько. Доведеться якось це полагодити, хоча б тимчасово.",,,,,,,,,
18,d1b4,Оглянути качку,"Як називають качку, що краде? ... Качка-злодюжка. Дякую, дякую, я тут виступаю весь вечір.",,,,,,,,,
18,z4p5,Оглянути дзеркало,"Гей, тут є невелике заглиблення... Ану глянемо. [Ви натискаєте, і дзеркало відчиняється, відкриваючи схованку. Викресліть C3. Візьміть картку №03.] Ось він. А тепер подивімось, як звідси вибратися.",,,,,,,,,
18,d1c2,Вимикач + Зубна нитка,"[Якщо C3: Читати d1h3. Інакше:] Гарна ідея, але не раніше, ніж я знайду той передавач.",,,,,,,,,
18,z9z3,,"Гей, що ти робиш? Тобі ніхто не казав читати цей код! [Візьміть картку №39.]",,,,,,,,,
19,b0b3,,"Гей, що ти робиш? Тобі ніхто не казав читати цей код! [Візьміть картку №39.]",,,,,,,,,"Эй, ты что творишь? Никто не говорил тебе читать этот код! [Возьмите карту №39.]"
19,e0c1,Табличка,"Згідно з табличкою, до вершини 194 сходинки.",,,,,,,,Табличка,"Судя по табличке, до вершины 194 ступеньки."
19,m6j8,Свята вода + Магніт,Випадковий факт: биття головою об стіну спалює 150 калорій.,,,,,,,,Святая вода + Магнит,Случайный факт: удары головой об стену сжигают 150 калорий.
19,m6v5,Свята вода + Пляшка,[Викресліть D9.],,,,,,,,Святая вода + Бутылка,[Вычеркните D9.]
19,m6b6,Свята вода + Одяг,[Якщо D5: Читати m6d2. Якщо H4: Читати m6c4. Якщо H3: Читати m6b8. Інакше:] Він і так чистий.,,,,,,,,Святая вода + Одежда,[Если D5: Читать m6d2. Если H4: Читать m6c4. Если H3: Читать m6b8. Иначе:] Она и так чистая.
19,m6b8,Свята вода + Одяг,Я пофарбую сорочку. [Викресліть D4.] Тепер вона світло-жовта.,,,,,,,,Святая вода + Одежда,Я покрашу рубашку. [Вычеркните D4.] Теперь она светло-желтая.
19,m6c4,Свята вода + Одяг,"Жовтий чай і синя квітка зробили святу воду зеленою. Може, занурити туди штани? [Викресліть D5.] Чудово! Тепер вони темно-зелені. [Якщо D6: Читати m6c6. Інакше:] Тепер бракує лише однієї маленької деталі.",,,,,,,,Святая вода + Одежда,"Желтый чай и синий цветок сделали святую воду зеленой. Может, окунуть туда штаны? [Вычеркните D5.] Отлично! Теперь они темно-зеленые. [Если D6: Читать m6c6. Иначе:] Теперь не хватает только одной маленькой детали."
19,m6c6,,"Думаю, краще вже не буде. [Видаліть картку №04 з гри. Візьміть картку №22.]",,,,,,,,,"Думаю, лучше уже не будет. [Удалите карту №04 из игры. Возьмите карту №22.]"
19,m6d2,Свята вода + Одяг,"Думаю, цей одяг тепер має правильний колір.",,,,,,,,Святая вода + Одежда,"Думаю, эта одежда теперь правильного цвета."
19,m6d4,Свята вода + Монета,"Якби я міг загадати будь-яке бажання, я б побажав, щоб ти припинив робити дурниці.",,,,,,,,Святая вода + Монета,"Если бы я мог загадать любое желание, я бы пожелал, чтобы ты перестал делать глупости."
19,m6m9,Оглянути святу воду,Свята вода пофарбована в зелений колір.,,,,,,,,Осмотреть святую воду,Святая вода окрашена в зеленый цвет.
19,m6p5,Оглянути святу воду,[Якщо H4: Читати m6m9. Якщо H3: Читати m6r1. Інакше:] Щойно набрана.,,,,,,,,Осмотреть святую воду,[Если H4: Читать m6m9. Если H3: Читать m6r1. Иначе:] Свеженабранная.
19,m6r1,Оглянути святу воду,Свята вода пофарбована в жовтий колір.,,,,,,,,Осмотреть святую воду,Святая вода окрашена в желтый цвет.
19,m6r3,Свята вода + Коктейль,[Якщо D4: Читати m6v2. Якщо H3: Читати m6t0. Інакше:] Я не хочу фарбувати воду в синій колір.,,,,,,,,Святая вода + Коктейль,[Если D4: Читать m6v2. Если H3: Читать m6t0. Иначе:] Я не хочу красить воду в синий цвет.
19,m6t0,Свята вода + Коктейль,Навіщо мені це робити?,,,,,,,,Святая вода + Коктейль,Зачем мне это делать?
19,m6v2,Свята вода + Коктейль,"Хм, сумніваюся, що коктейлю вистачить, але ця квітка має насичений колір... Може, я зможу використати це на свою користь. Кину її туди. [Викресліть H4.] Ось, синій змішується з жовтим чаєм.",,,,,,,,Святая вода + Коктейль,"Хм, сомневаюсь, что коктейля хватит, но у этого цветка насыщенный цвет... Может, я смогу использовать это в своих интересах. Брошу его туда. [Вычеркните H4.] Вот, синий смешивается с желтым чаем."
19,v9z9,,"Не чини дурниць лише заради того, щоб випробувати межі настільної гри. [Візьміть картку №29.]",,,,,,,,,"Не твори глупостей лишь ради того, чтобы испытать границы настольной игры. [Возьмите карту №29.]"
19,x4z2,Скринька для пожертв,"[Якщо E8: Читати x5p9. Якщо E3: Читати x5b3. Інакше:] Тут можна купити свічки. Не думаю, що хтось помітить зникнення однієї монети. [Викресліть F5. Візьміть картку №06.]",,,,,,,,Ящик для пожертвований,"[Если E8: Читать x5p9. Если E3: Читать x5b3. Иначе:] Тут можно купить свечи. Не думаю, что кто-то заметит пропажу одной монеты. [Вычеркните F5. Возьмите карту №06.]"
19,x5b3,Скринька для пожертв,"Звісно, візьмімо ще одну монету. Хоча варто було б знайти краще місце, щоб її витратити. [Візьміть картку №06.]",,,,,,,,Ящик для пожертвований,"Конечно, возьмем еще одну монету. Хотя стоило бы найти лучшее место, чтобы ее потратить. [Возьмите карту №06.]"
19,x5p9,Скринька для пожертв,"Гаразд, досить гратися. Мені справді треба знайти їм гарне застосування. [Візьміть картку №06.]",,,,,,,,Ящик для пожертвований,"Ладно, хватит баловаться. Мне действительно нужно найти им хорошее применение. [Возьмите карту №06.]"
19,z9z3,,"Гей, що ти робиш? Тобі ніхто не казав читати цей код! [Візьміть картку №39.]",,,,,,,,,"Эй, ты что творишь? Никто не говорил тебе читать этот код! [Возьмите карту №39.]"
20,b0b3,,"Гей, що ти робиш? Тобі ніхто не казав читати цей код! [Візьміть картку №39.]",,,,,,,,,"Эй, ты что творишь? Никто не говорил тебе читать этот код! [Возьмите карту №39.]"
20,i0t8,Вид + Летючий телефон,Вітер тут надто сильний. Він може приземлитися дідько знає де.,,,,,,,,Вид + Летающий телефон,Ветер здесь слишком сильный. Он может приземлиться черт знает где.
20,k1v6,Магніт,"Хм, так, це може бути корисним. Не знаю точно для чого, але ніколи не знаєш напевно. [Викресліть C6. Візьміть картку №15.]",,,,,,,,Магнит,"Хм, да, это может быть полезно. Не знаю точно для чего, но никогда не знаешь наверняка. [Вычеркните C6. Возьмите карту №15.]"
20,k6e5,Вид + Передавач,"Він доволі міцний, тож може навіть пережити падіння, але що, як хтось його знайде? Не думаю, що у Мухи завалявся ще один.",,,,,,,,Вид + Передатчик,"Он довольно прочный, так что может даже пережить падение, но что, если кто-то его найдет? Не думаю, что у Мухи завалялся еще один."
20,k6h7,Вид + Креслення,"Так, он там унизу територія позаду в'язниці. Згідно з планами, це єдине вікно назовні, яке не перебуває під постійним наглядом.",,,,,,,,Вид + Чертежи,"Да, вон там внизу территория позади тюрьмы. Согласно планам, это единственное окно наружу, которое не находится под постоянным наблюдением."
20,k6h9,Вид + Повітряна куля,Звучить водночас весело і як погана ідея.,,,,,,,,Вид + Воздушный шар,Звучит одновременно весело и как плохая идея.
20,k6j6,Вид + Цегла,"[Якщо A9: Читати k6k5. Інакше:] Ого. Це те, чим ти займаєшся у повсякденному житті: кидаєш цеглу з церковних веж? Твоя мама знає, що ти в це граєш?",,,,,,,,Вид + Кирпич,"[Если A9: Читать k6k5. Иначе:] Ого. Это то, чем ты занимаешься в повседневной жизни: бросаешь кирпичи с церковных башен? Твоя мама знает, что ты в это играешь?"
20,k6k5,Вид + Цегла,"Так, знаєш, може, я й не знайду цьому застосування, але принаймні зіб'ю кількох голубів по дорозі до мого фургона. [Ви прив'язуєте один кінець зубної нитки до поручня. Потім ретельно прицілюєтеся і кидаєте цеглу на дах в'язниці внизу. Викресліть K5. Видаліть картку №05 з гри. Покладіть картку №34 у цю локацію.]",,,,,,,,Вид + Кирпич,"Да, знаешь, может, я и не найду этому применения, но по крайней мере собью пару голубей по пути к моему фургону. [Вы привязываете один конец зубной нити к перилам. Затем тщательно прицеливаетесь и бросаете кирпич на крышу тюрьмы внизу. Вычеркните K5. Удалите карту №05 из игры. Положите карту №34 в эту локацию.]"
20,z2h8,Поручень + Магніт,"Схоже, поручень не магнітний. Мабуть, тому я й не знайшов на ньому приліпленого магніту відразу.",,,,,,,,Перила + Магнит,"Похоже, перила не магнитные. Наверное, поэтому я и не нашел на них прилепленного магнита сразу."
20,z2r9,Поручень + Цегла,[Якщо A9: Читати z3h4. Інакше:] Дивись! Я можу втримати цеглу на поруч... АЙ! Дурна штука впала мені на ногу.,,,,,,,,Перила + Кирпич,[Если A9: Читать z3h4. Иначе:] Смотри! Я могу удержать кирпич на пери... АЙ! Тупая штука упала мне на ногу.
20,z3h4,Поручень + Цегла,Дай подумати... Якщо я прив'яжу один кінець зубної нитки до поручня... я міг би... хм...,,,,,,,,Перила + Кирпич,Дай подумать... Если я привяжу один конец зубной нити к перилам... я мог бы... хм...
20,z5m9,,"Знаєте, я думаю, мені доведеться знайти інший спосіб доставити мобільний всередину... А що, як мені знову зателефонують, а я не зможу відповісти? Так, потримаю його при собі ще трохи. Гаразд, поїхали, готові? Сподіваюся, дідько забирай, це спрацює, і я не ввімкну жодної сигналізації. [Ви відпускаєте форму, і вона мчить до в'язниці з шаленою швидкістю. Поверніть картку №22 до колоди.] Хух, здається, все добре. Ходімо перевіримо. [Перейдіть до локації 04 і прочитайте там r0k9.]",,,,,,,,,"Знаете, я думаю, мне придется найти другой способ доставить мобильный внутрь... А что, если мне снова позвонят, а я не смогу ответить? Да, подержу его при себе еще немного. Ладно, поехали, готовы? Надеюсь, черт возьми, это сработает, и я не включу никакую сигнализацию. [Вы отпускаете форму, и она несется к тюрьме с бешеной скоростью. Верните карту №22 в колоду.] Фух, кажется, все хорошо. Пойдем проверим. [Перейдите в локацию 04 и прочитайте там r0k9.]"
20,z7v1,Зіплайн + Фальшива форма,"Ну, що скажете? Тримає! Хмм... Цікаво, чи витримає він трохи більшу вагу... [Ви кладете передавач у кишеню.] Лінія тримає. Поверніть картку №03 до колоди.] Чудово. Головне не забути забрати це пізніше. Так, а де мій телефон? [Дістаючи мобільний, ви помічаєте, що на ньому блимає індикатор.] Ха, каже, що я пропустив дзвінок. Подивимося, що там. [Викресліть B9. Ваш телефон пілікає. Перейдіть до сцени H.]",,,,,,,,Зиплайн + Фальшивая форма,"Ну, что скажете? Держит! Хмм... Интересно, выдержит ли он чуть больший вес... [Вы кладете передатчик в карман.] Линия держит. Верните карту №03 в колоду.] Отлично. Главное не забыть забрать это позже. Так, а где мой телефон? [Доставая мобильный, вы замечаете, что на нем мигает индикатор.] Ха, говорит, что я пропустил звонок. Посмотрим, что там. [Вычеркните B9. Ваш телефон пиликает. Перейдите к сцене H.]"
20,z9b3,Зіплайн + Фальшива форма,"[Якщо E6: Читати z7v1. Інакше:] Гарна ідея, але не думаю, що так вийде. Що, як вона впаде? Що, як застрягне на півдорозі? Треба подумати краще.",,,,,,,,Зиплайн + Фальшивая форма,"[Если E6: Читать z7v1. Иначе:] Хорошая идея, но не думаю, что так получится. Что, если она упадет? Что, если застрянет на полпути? Надо подумать получше."
20,z9b6,Зіплайн + Одяг,"Я міг би сушити їх тут, якщо вони колись намокнуть.",,,,,,,,Зиплайн + Одежда,"Я мог бы сушить их здесь, если они когда-нибудь намокнут."
20,z9p5,Оглянути зіплайн,Його практично не видно в нічному світлі.,,,,,,,,Осмотреть зиплайн,Его практически не видно в ночном свете.
20,z9b4,Зіплайн + Мобільний телефон,"Занадто ризиковано. Що, як він розіб'ється? Ні, доведеться знайти безпечніший шлях.",,,,,,,,Зиплайн + Мобильный телефон,"Слишком рискованно. Что, если он разобьется? Нет, придется найти более безопасный путь."
20,z9z3,,"Гей, що ти робиш? Тобі ніхто не казав читати цей код! [Візьміть картку №39.]",,,,,,,,,"Эй, ты что творишь? Никто не говорил тебе читать этот код! [Возьмите карту №39.]"
20,b4i0,Оглянути поручень,Найвищий виклик для скейтбордиста.,,,,,,,,Осмотреть перила,Высший вызов для скейтбордиста.
20,b4t0,Поручень + Зубна нитка,Насправді це дуже гарна ідея. Але кинути її буде важко...,,,,,,,,Перила + Зубная нить,На самом деле это очень хорошая идея. Но бросить ее будет сложно...
20,d8j4,Оглянути цеглу,"Так, ця цеглина хитається. Ну, після 15 хвилин розхитування — точно хитається. [Викресліть A7. Візьміть картку №05.]",,,,,,,,Осмотреть кирпич,"Да, этот кирпич шатается. Ну, после 15 минут расшатывания — точно шатается. [Вычеркните A7. Возьмите карту №05.]"
20,i0b3,Вид + Фальшива форма,"Непогана ідея, але навіть найменший порив вітру зіпсує цей план.",,,,,,,,Вид + Фальшивая форма,"Неплохая идея, но даже малейший порыв ветра испортит этот план."
20,i0b4,Вид + Мобільний телефон,"Вийшло б гарне фото. Треба подзвонити Майку, може, у нього є одна з тих фотокамер.",,,,,,,,Вид + Мобильный телефон,"Получилось бы хорошее фото. Надо позвонить Майку, может, у него есть одна из тех фотокамер."
20,i0c2,Вид + Зубна нитка,"Ти коли-небудь пробував кидати зубну нитку, Павуче? Вона не зовсім для цього створена.",,,,,,,,Вид + Зубная нить,"Ты когда-нибудь пробовал бросать зубную нить, Паучок? Она не совсем для этого создана."
20,i0d4,Вид + Монета,"Минулого разу, коли я кинув монету з хмарочоса, я вбив кота. Я маю на увазі, це сталося через кілька місяців, але все ж. [Ви все одно кидаєте монету. Поверніть картку №06 до колоди. Внизу ви чуєте виття собаки.] Ой, мабуть, влучив у сторожового пса. [Якщо E8: Читати i0e8. Якщо E3: Читати i0d9. Інакше:] Я ж казав, у мене талант кривдити тварин, кидаючи монети згори. До речі, мені, мабуть, потрібна була та монета... [Викресліть E3.]",,,,,,,,Вид + Монета,"В прошлый раз, когда я бросил монету с небоскреба, я убил кота. Я имею в виду, это случилось через несколько месяцев, но все же. [Вы все равно бросаете монету. Верните карту №06 в колоду. Внизу вы слышите вой собаки.] Ой, наверное, попал в сторожевого пса. [Если E8: Читать i0e8. Если E3: Читать i0d9. Иначе:] Я же говорил, у меня талант калечить животных, бросая монеты сверху. Кстати, мне, наверное, нужна была та монета... [Вычеркните E3.]"
20,i0d9,Вид + Монета,"Шкода, пес не поверне мені монету. Маю передчуття, що вона могла знадобитися мені пізніше. [Викресліть E8.]",,,,,,,,Вид + Монета,"Жаль, пес не вернет мне монету. У меня предчувствие, что она могла понадобиться мне позже. [Вычеркните E8.]"
20,i0e8,Вид + Монета,[Перейдіть до локації 19 і прочитайте там v9z9.],,,,,,,,Вид + Монета,[Перейдите в локацию 19 и прочитайте там v9z9.]
20,i0p5,Оглянути вид,Гарний краєвид.,,,,,,,,Осмотреть вид,Красивый вид.
0,h5t0,Вішак + Зубна нитка,"Поки ти там майструєш мобілі для дитячих ліжечок, я спробую зібрати команду, гаразд?",,,,,,,,Вешалка + Зубная нить,"Пока ты там мастеришь мобили для детских кроваток, я тут попытаюсь собрать команду, ладно?"
0,h7b3,Мобільний телефон + Фальшива форма,"Я міг би його туди покласти, але він може випасти. А я не хочу пропустити дзвінок.",,,,,,,,Мобильный телефон + Фальшивая форма,"Я мог бы его туда положить, но он может выпасть. А я не хочу пропустить звонок."
0,h7p5,Використати мобільний телефон,Кому дзвонитимеш? (Мисливцям на привидів?),,,,,,,,Использовать мобильный телефон,Кому позвонишь? (Охотникам за привидениями?)
0,i2b4,Монета + Мобільний телефон,"Я міг би так дістатися до батареї, але мені це не потрібно.",,,,,,,,Монета + Мобильный телефон,"Я мог бы так добраться до батареи, но мне это не нужно."
0,i2p5,Використати монету,"Орел чи решка? [Ви підкидаєте монету.] Орел, я так і знав! [А чого ви очікували?]",,,,,,,,Использовать монету,"Орел или решка? [Вы подбрасываете монету.] Орел, я так и знал! [А чего вы ожидали?]"
0,i2z2,Монета + Магнітна картка,"Чувак, це ключ-картка, а не лотерейний білет, який треба стирати.",,,,,,,,Монета + Магнитная карта,"Чувак, это ключ-карта, а не лотерейный билет, который надо стирать."
0,i3b1,Зубна нитка + Іграшковий значок,Значок має затискач — не треба його нікуди пришивати.,,,,,,,,Зубная нить + Игрушечный значок,У значка есть зажим — не надо его никуда пришивать.
0,i3c4,Монета,Ця 1922 року.,,,,,,,,Монета,Эта 1922 года.
0,i3e5,Зубна нитка + Передавач,"Пані та панове, дозвольте представити: найгірше йо-йо у світі.",,,,,,,,Зубная нить + Передатчик,"Дамы и господа, позвольте представить: худшее йо-йо в мире."
0,i3g4,Зубна нитка + Коробка пластівців,"Ага, б'юсь об заклад, личинки всередині залюбки б її зжерли.",,,,,,,,Зубная нить + Коробка хлопьев,"Ага, держу пари, личинки внутри с удовольствием бы ее слопали."
0,i3h7,Зубна нитка + Креслення,Зубна нитка чудово тримає креслення разом.,,,,,,,,Зубная нить + Чертежи,Зубная нить отлично держит чертежи вместе.
0,i3h9,Зубна нитка + Повітряна куля,"Так, це працює, але що мені почепити на інший кінець зубної нитки?",,,,,,,,Зубная нить + Воздушный шар,"Да, это работает, но что мне повесить на другой конец зубной нити?"
0,i3i1,Зубна нитка + Свинцева труба,"Ні, я зараз не в настрої для наукових експериментів. До того ж, я все одно не знав би, що роблю.",,,,,,,,Зубная нить + Свинцовая труба,"Не, я сейчас не в настроении для научных экспериментов. К тому же, я все равно не знал бы, что делаю."
0,i3j6,Зубна нитка + Цегла,"Хмм... Якщо я обв'яжу це навколо того і зроблю вузол... Гаразд. Тепер це цеглина, обмотана зубною ниткою. МакГайвер би пишався. [Викресліть A9.]",,,,,,,,Зубная нить + Кирпич,"Хмм... Если я обвяжу это вокруг того и сделаю узел... Ладно. Теперь это кирпич, обмотанный зубной нитью. МакГайвер бы гордился. [Вычеркните A9.]"
0,i3j8,Зубна нитка + Магніт,"Ні, магніт занадто важкий, вона одразу порветься.",,,,,,,,Зубная нить + Магнит,"Не, магнит слишком тяжелый, она сразу порвется."
0,i3k0,Зубна нитка + Пляшка,Мені не треба розмахувати цією пляшкою.,,,,,,,,Зубная нить + Бутылка,Мне не нужно размахивать этой бутылкой.
0,i3x9,Зубна нитка + Чайні пакетики,Чайні пакетики вже мають ниточки.,,,,,,,,Зубная нить + Чайные пакетики,Чайные пакетики уже с ниточками.
0,i5b3,Зубна нитка + Фальшива форма,"Подивимося... Ні, дірок, які треба зашити, немає.",,,,,,,,Зубная нить + Фальшивая форма,"Посмотрим... Нет, дырок, которые нужно зашить, нет."
0,i5b4,Зубна нитка + Мобільний телефон,"Я міг би використати зубну нитку, щоб прив'язати свій телефон до... так, до чого?",,,,,,,,Зубная нить + Мобильный телефон,"Я мог бы использовать зубную нить, чтобы привязать свой телефон к... да, к чему?"
0,i5b6,Зубна нитка + Одяг,"[Якщо J5: Читати i5c9. Інакше:] Подивимося... Ні, дірок, які треба зашити, немає.",,,,,,,,Зубная нить + Одежда,"[Если J5: Читать i5c9. Иначе:] Посмотрим... Нет, дырок, которые нужно зашить, нет."
0,i5c9,Зубна нитка + Одяг,"[Ви шукаєте щось у своєму рюкзаку.] А, ось воно! [Ви знаходите шматок дроту, який прив'язуєте до зубної нитки.] Тепер я можу зашити ту дірку, яку сам зробив.",,,,,,,,Зубная нить + Одежда,"[Вы ищете что-то в своем рюкзаке.] А, вот оно! [Вы находите кусок проволоки, который привязываете к зубной нити.] Теперь я могу зашить ту дырку, которую сам сделал."
0,i5d4,Зубна нитка + Монета,"О так, чудово! Це означає, що я міг би використати монету в автоматі, а потім витягнути її назад... от тільки в реальному світі це не працює.",,,,,,,,Зубная нить + Монета,"О да, отлично! Это значит, что я мог бы использовать монету в автомате, а потом вытащить ее обратно... вот только в реальном мире это не работает."
0,i5r3,Зубна нитка + Коктейль,Дивись! Тепер у мене синя зубна нитка. Гидота.,,,,,,,,Зубная нить + Коктейль,Смотри! Теперь у меня синяя зубная нить. Гадость.
0,i5t7,Зубна нитка + Сірники,"Граната пішла! ... Ой, забув, у цій грі немає вибухівки.",,,,,,,,Зубная нить + Спички,"Граната пошла! ... Ой, забыл, в этой игре нет взрывчатки."
0,i5t8,Зубна нитка + Летючий телефон,"Ні, думаю, воно й так нормально триматиметься.",,,,,,,,Зубная нить + Летающий телефон,"Не, думаю, оно и так будет нормально держаться."
0,i5x7,Монета,Ця 1904 року.,,,,,,,,Монета,Эта 1904 года.
0,i5z2,Зубна нитка + Магнітна картка,Не спрацює — в картці немає отвору.,,,,,,,,Зубная нить + Магнитная карта,Не сработает — в карте нет отверстия.
0,i6e3,Магніт + Іграшковий значок,Значок зроблений із пластику.,,,,,,,,Магнит + Игрушечный значок,Значок сделан из пластика.
0,i6x4,Магніт + Свинцева труба,"Якби ж у мене був менший магніт, я міг би дивитися, як він вічність падає крізь неї.",,,,,,,,Магнит + Свинцовая труба,"Эх, если бы у меня был магнит поменьше, я мог бы смотреть, как он вечность падает сквозь нее."
0,i7e8,Передавач + Летючий телефон,Ем... ні.,,,,,,,,Передатчик + Летающий телефон,Эм... нет.
0,i7g2,Передавач + Мобільний телефон,Передавач не підключається до мого телефону.,,,,,,,,Передатчик + Мобильный телефон,Передатчик не подключается к моему телефону.
0,i7g6,Передавач + Монета,"Я не хочу його відкривати; а що, як я його зламаю?",,,,,,,,Передатчик + Монета,"Я не хочу его открывать; а что, если я его сломаю?"
0,i7g8,Передавач + Фальшива форма,"[Якщо A3: Читати i7h7. Інакше:] Хм, так, гадаю, якщо мені вдасться якось пронести форму, я зможу пронести і передавач у такий спосіб. Подумаємо про це, коли настане час.",,,,,,,,Передатчик + Фальшивая форма,"[Если A3: Читать i7h7. Иначе:] Хм, да, думаю, если мне удастся как-то пронести форму, я смогу пронести и передатчик таким образом. Подумаем об этом, когда придет время."
0,i7h7,Передавач + Фальшива форма,"Я не буду класти передавач назад; він саме там, де мені потрібно.",,,,,,,,Передатчик + Фальшивая форма,"Я не буду класть передатчик обратно; он именно там, где мне нужно."
0,i7i0,Використати передавач,"Не питайте мене; я й гадки не маю, як користуватися цими штуками.",,,,,,,,Использовать передатчик,"Не спрашивайте меня; я понятия не имею, как пользоваться этими штуками."
0,i7m7,Передавач + Одяг,Запам'ятай цю думку...,,,,,,,,Передатчик + Одежда,Запомни эту мысль...
0,j0x4,Креслення + Свинцева труба,На кресленнях немає водопроводу.,,,,,,,,Чертежи + Свинцовая труба,На чертежах нет водопровода.
0,j1p5,Використати фальшиву форму,"[Якщо D7: Читати j1r0. Інакше:] Я міг би це вдягнути, але не тут.",,,,,,,,Использовать фальшивую форму,"[Если D7: Читать j1r0. Иначе:] Я мог бы это надеть, но не здесь."
0,j1r0,Оглянути фальшиву форму,"Ага, передавач все ще тут. Заберу його. [Викресліть A3. Візьміть картку №03.] Тепер знайдімо гарне місце, щоб переодягнутися.",,,,,,,,Осмотреть фальшивую форму,"Ага, передатчик все еще здесь. Заберу его. [Вычеркните A3. Возьмите карту №03.] Теперь найдем хорошее место, чтобы переодеться."
0,j1t7,Фальшива форма + Сірники,"Та годі, все не так погано.",,,,,,,,Фальшивая форма + Спички,"Да ладно, все не так плохо."
0,j4c1,Чайні пакетики + Коробка пластівців,"Що, у нас сніданок?",,,,,,,,Чайные пакетики + Коробка хлопьев,"Что, у нас завтрак?"
0,j5g8,Повітряна куля + Фальшива форма,Форма занадто важка.,,,,,,,,Воздушный шар + Фальшивая форма,Форма слишком тяжелая.
0,j5j0,Повітряна куля + Сірники,"[Якщо F1: Читати j6v8. Інакше:] Можна було б, але вони ще мокрі.",,,,,,,,Воздушный шар + Спички,"[Если F1: Читать j6v8. Иначе:] Можно было бы, но они еще мокрые."
0,j6v8,Повітряна куля + Сірники,"[Ви запалюєте сірник...] Упс. Здається, мені б це знадобилося. [Вітаємо! Ви щойно програли гру...]",,,,,,,,Воздушный шар + Спички,"[Вы зажигаете спичку...] Упс. Кажется, мне бы это пригодилось. [Поздравляем! Вы только что проиграли игру...]"
0,j7t8,Пляшка,Наповнена по вінця святою водою.,,,,,,,,Бутылка,Наполнена до краев святой водой.
0,j8v8,Викрутка + Снігова куля,Мені подобається ця снігова куля. Я не хочу її розбивати.,,,,,,,,Отвертка + Снежный шар,Мне нравится этот снежный шар. Я не хочу его разбивать.
0,k0x6,Фальшива форма,Тепер вона на вішаку.,,,,,,,,Фальшивая форма,Теперь она на вешалке.
0,k3c7,Цегла + Креслення,"Я можу використати цю цеглу, щоб притиснути креслення. Захопливо.",,,,,,,,Кирпич + Чертежи,"Я могу использовать этот кирпич, чтобы прижать чертежи. Захватывающе."
0,k3t6,Цегла + Повітряна куля,"Майже поетично, чи не так?",,,,,,,,Кирпич + Воздушный шар,"Почти поэтично, не так ли?"
0,k3v5,Цегла + Пляшка,[Якщо A9: Читати k4b8. Якщо D9: Читати k3z2. Інакше:] Навіщо розбивати цілком нормальну пляшку?,,,,,,,,Кирпич + Бутылка,[Если A9: Читать k4b8. Если D9: Читать k3z2. Иначе:] Зачем разбивать вполне нормальную бутылку?
0,k3z2,Цегла + Пляшка,Це цегла; вона чистішою не стане. Вона практично зроблена з бруду.,,,,,,,,Кирпич + Бутылка,Это кирпич; он чище не станет. Он практически сделан из грязи.
0,k4b8,Цегла + Пляшка,Навіщо мені прив'язувати пляшку до цегли?,,,,,,,,Кирпич + Бутылка,Зачем мне привязывать бутылку к кирпичу?
0,k4j8,Монета + Магніт,Це підтверджує мою підозру: монети справді магнітяться. Ого! [Візьміть картку №59.],,,,,,,,Монета + Магнит,Это подтверждает мое подозрение: монеты действительно магнитятся. Ого! [Возьмите карту №59.]
0,k5b1,Одяг + Іграшковий значок,"[Якщо J9: Читати k5b8. Інакше:] Якщо причепити значок на цей одяг, нікого не обдуриш...",,,,,,,,Одежда + Игрушечный значок,"[Если J9: Читать k5b8. Иначе:] Если прицепить значок на эту одежду, никого не обманешь..."
0,k5b8,Одяг + Іграшковий значок,"Не ідеально, але краще, ніж нічого. [Видаліть картку №25. Викресліть D6. Якщо D5: Читати k5c4.]",,,,,,,,Одежда + Игрушечный значок,"Не идеально, но лучше, чем ничего. [Удалите карту №25. Вычеркните D6. Если D5: Читать k5c4.]"
0,k5c4,Одяг,"Думаю, краще вже не буде. [Викресліть K7. Видаліть картку №04. Візьміть картку №22.]",,,,,,,,Одежда,"Думаю, лучше уже не будет. [Вычеркните K7. Удалите карту №04. Возьмите карту №22.]"
0,k5h7,Одяг + Креслення,"Хмм... Мені знадобиться форма, щоб вільно розгулювати в'язницею.",,,,,,,,Одежда + Чертежи,"Хмм... Мне понадобится форма, чтобы свободно разгуливать по тюрьме."
0,k5j6,Одяг + Цегла,Геніально! Тепер у штанях дірка... [Викресліть J5.],,,,,,,,Одежда + Кирпич,Гениально! Теперь в штанах дырка... [Вычеркните J5.]
0,k5k0,Одяг + Пляшка,"[Якщо D9: Читати k5t5. Інакше:] Ні, мені не потрібна пляшка всередині.",,,,,,,,Одежда + Бутылка,"[Если D9: Читать k5t5. Иначе:] Не, мне не нужна бутылка внутри."
0,k5t5,Одяг + Пляшка,"[Якщо D4 або D5: Читати k5v3. Інакше:] Так, гаразд, трохи почистимо їх...",,,,,,,,Одежда + Бутылка,"[Если D4 или D5: Читать k5v3. Иначе:] Да, ладно, немного почистим их..."
0,k5v3,Одяг + Пляшка,"Навіщо мені змивати колір? Після всіх зусиль, які я доклав, щоб їх пофарбувати?!",,,,,,,,Одежда + Бутылка,"Зачем мне смывать цвет? После всех усилий, которые я приложил, чтобы их покрасить?!"
0,k5x9,Одяг + Чайні пакетики,"Чай має правильний колір, але... що я маю робити, втирати його?",,,,,,,,Одежда + Чайные пакетики,"Чай имеет правильный цвет, но... что я должен делать, втирать его?"
0,k9b3,Магнітна картка + Фальшива форма,"Не думаю, що ця картка знадобиться мені у в'язниці.",,,,,,,,Магнитная карта + Фальшивая форма,"Не думаю, что эта карта понадобится мне в тюрьме."
0,m1i0,Оглянути чайні пакетики,"Текст на етикетці вицвів до невпізнання, але пахне лимоном.",,,,,,,,Осмотреть чайные пакетики,"Текст на этикетке выцвел до неузнаваемости, но пахнет лимоном."
0,m1v2,Чайні пакетики + Коробка пластівців,"Так, напій, мабуть, змінив би колір, але рідини замало...",,,,,,,,Чайные пакетики + Коробка хлопьев,"Да, напиток, наверное, изменил бы цвет, но жидкости маловато..."
0,m8c7,Вішак + Креслення,"Якщо плани колись намокнуть, я їх так і висушу.",,,,,,,,Вешалка + Чертежи,"Если планы когда-нибудь намокнут, я их так и высушу."
0,m8h8,Вішак + Магніт,Прикинь: цей металевий вішак... справді магнітиться! Шок. Сенсація.,,,,,,,,Вешалка + Магнит,Прикинь: эта металлическая вешалка... действительно магнитится! Шок. Сенсация.
0,m8m6,Вішак + Передавач,"Гадаю, я міг би зробити антену з цього вішака.",,,,,,,,Вешалка + Передатчик,"Думаю, я мог бы сделать антенну из этой вешалки."
0,m8p4,Вішак + Чайні пакетики,Вони вже сухі.,,,,,,,,Вешалка + Чайные пакетики,Они уже сухие.
0,m8r9,Вішак + Цегла,"[Якщо A9: Читати m8t1. Інакше:] Гадаю, я міг би розтрощити вішак...",,,,,,,,Вешалка + Кирпич,"[Если A9: Читать m8t1. Иначе:] Думаю, я мог бы разбить вешалку..."
0,m8t1,Вішак + Цегла,Я міг би тренувати свої навички метання молота з цією штуковиною.,,,,,,,,Вешалка + Кирпич,Я мог бы тренировать свои навыки метания молота с этой штуковиной.
0,m8t2,Вішак + Презервативи,"Майже впевнений, що презерватив використовують не так.",,,,,,,,Вешалка + Презервативы,"Почти уверен, что презерватив используют не так."
0,m8t6,Вішак + Повітряна куля,"Летючий вішак, га? Можна продати в IKEA...",,,,,,,,Вешалка + Воздушный шар,"Летающая вешалка, а? Можно продать в IKEA..."
0,p7d3,Труба + Викрутка,"О так, видряпаймо щось на ній. ""Я... люблю... марнувати час"".",,,,,,,,Труба + Отвертка,"О да, давай выцарапаем что-нибудь на ней. ""Я... люблю... тратить время""."
0,p9t1,Труба + Мітла,"Тепер у мене чистіша труба, ніж була раніше.",,,,,,,,Труба + Метла,"Теперь у меня труба чище, чем была раньше."
0,r0i0,Оглянути коробку пластівців,"На коробці написано ""іграшка всередині"". Цікаво, чи вона ще там.",,,,,,,,Осмотреть коробку хлопьев,"На коробке написано ""игрушка внутри"". Интересно, она еще там."
0,r0v2,Коробка пластівців + Коктейль,"О, сніданок джентльмена, еге ж?",,,,,,,,Коробка хлопьев + Коктейль,"О, завтрак джентльмена, а?"
0,r6b3,Летючий телефон + Фальшива форма,Форма занадто важка.,,,,,,,,Летающий телефон + Фальшивая форма,Форма слишком тяжелая.
0,r6e1,Летючий телефон + Труба,Це як піньята... ти отримуєш розбитий мобільник.,,,,,,,,Летающий телефон + Труба,Это как пиньята... ты получаешь разбитый мобильник.
0,r6t7,Летючий телефон + Сірники,"[Якщо D2: Читати r8h6. Інакше:] Я міг би спалити це все, але краще не буду.",,,,,,,,Летающий телефон + Спички,"[Если D2: Читать r8h6. Иначе:] Я мог бы сжечь это все, но лучше не буду."
0,r8h6,Летючий телефон + Сірники,Ти нічому не навчився?!,,,,,,,,Летающий телефон + Спички,Ты ничему не научился?!
0,r9p5,Оглянути коктейль,"Напій, схоже, пофарбований у синій колір якоюсь екзотичною квіткою. Хмм...",,,,,,,,Осмотреть коктейль,"Напиток, похоже, окрашен в синий цвет каким-то экзотическим цветком. Хмм..."
0,t0y1,Коробка пластівців,"Зачекай... пластівці, личинки... ось вона! [Видаліть картку №23. Викресліть G5. Візьміть картку №25.]",,,,,,,,Коробка хлопьев,"Погоди... хлопья, личинки... вот она! [Удалите карту №23. Вычеркните G5. Возьмите карту №25.]"
0,t4i0,Оглянути снігову кулю,"Чи люблять в'язні єдинорогів? Здається, я щось таке чув.",,,,,,,,Осмотреть снежный шар,"Любят ли заключенные единорогов? Кажется, я что-то такое слышал."
0,t4t5,Снігова куля + Мітла,"Думаю, мітла виконала своє призначення.",,,,,,,,Снежный шар + Метла,"Думаю, метла выполнила свое предназначение."
0,t7b3,Іржавий ключ + Фальшива форма,"Не думаю, що цей ключ знадобиться мені у в'язниці.",,,,,,,,Ржавый ключ + Фальшивая форма,"Не думаю, что этот ключ пригодится мне в тюрьме."
0,t7p5,Оглянути іржавий ключ,"Це ключ від вбиральні ""Блакитної Мамби"".",,,,,,,,Осмотреть ржавый ключ,"Это ключ от туалета ""Голубой Мамбы""."
0,t9d9,Сірники,"Сухі, як кістка.",,,,,,,,Спички,"Сухие, как кость."
0,t9j8,Іржавий ключ + Магніт,"Саме так, друже... ключі магнітяться. З цим розібралися.",,,,,,,,Ржавый ключ + Магнит,"Именно так, дружище... ключи магнитятся. С этим разобрались."
0,v1c1,Передавач + Коробка пластівців,"Ховати передавач у коробці не допоможе. До того ж, личинки можуть його зіпсувати.",,,,,,,,Передатчик + Коробка хлопьев,"Прятать передатчик в коробке не поможет. К тому же, личинки могут его испортить."
0,v1c7,Передавач + Креслення,"На цих кресленнях не вказано, де у в'язниці комп'ютери.",,,,,,,,Передатчик + Чертежи,"На этих чертежах не указано, где в тюрьме компьютеры."
0,v1h8,Передавач + Магніт,"Чесно, гадки не маю, що ти задумав, МакГайвере.",,,,,,,,Передатчик + Магнит,"Честно, понятия не имею, что ты задумал, МакГайвер."
0,v1j9,Передавач + Викрутка,"Я краще залишу цю штуку як є, щоб не зламати.",,,,,,,,Передатчик + Отвертка,"Я лучше оставлю эту штуку как есть, чтобы не сломать."
0,v1t2,Передавач + Презервативи,"Я не хочу пхати його туди, він тільки вимажеться у змазці.",,,,,,,,Передатчик + Презервативы,"Я не хочу пихать его туда, он только измажется в смазке."
0,v1t6,Передавач + Повітряна куля,Він занадто важкий.,,,,,,,,Передатчик + Воздушный шар,Он слишком тяжелый.
0,v4p4,Повітряна куля + Чайні пакетики,Хто ж не любить легкий чай?,,,,,,,,Воздушный шар + Чайные пакетики,Кто же не любит легкий чай?
0,v7g2,Презервативи + Мобільний телефон,"Я не хочу пхати його туди, він тільки вимажеться у змазці.",,,,,,,,Презервативы + Мобильный телефон,"Я не хочу пихать его туда, он только измажется в смазке."
0,v7g8,Презервативи + Фальшива форма,"Занадто велика, щоб туди влізти.",,,,,,,,Презервативы + Фальшивая форма,"Слишком большая, чтобы туда влезть."
0,v7i0,Використати презервативи,"Прямо тут?! Опануй себе, чоловіче!",,,,,,,,Использовать презервативы,"Прямо здесь?! Возьми себя в руки, мужик!"
0,v7j0,Презервативи + Сірники,"Якби це були ""Кодові імена"", я б сказав ""гарячий, 2"".",,,,,,,,Презервативы + Спички,"Если бы это были ""Кодовые имена"", я бы сказал ""горячий, 2""."
0,9g2,Креслення + Мобільний телефон,"Було б набагато ефективніше зробити фото... але я старомодний, окей?",,,,,,,,Чертежи + Мобильный телефон,"Было бы гораздо эффективнее сделать фото... но я старомоден, окей?"
0,v9g8,Креслення + Фальшива форма,"Думаю, я їх уже запам'ятав.",,,,,,,,Чертежи + Фальшивая форма,"Думаю, я их уже запомнил."
0,v9h3,Креслення + Іржавий ключ,"Ці плани точні, але не НАСТІЛЬКИ точні.",,,,,,,,Чертежи + Ржавый ключ,"Эти планы точны, но не НАСТОЛЬКО точны."
0,v9i0,Оглянути креслення,"Згідно з ними, тут є вентиляційна шахта... [Викресліть H5.]",,,,,,,,Осмотреть чертежи,"Согласно им, тут есть вентиляционная шахта... [Вычеркните H5.]"
0,v9j0,Креслення + Сірники,[Якщо F1: Читати v9p3. Інакше:] Сірники занадто мокрі...,,,,,,,,Чертежи + Спички,[Если F1: Читать v9p3. Иначе:] Спички слишком мокрые...
0,v9p3,Креслення + Сірники,[Креслення згорають у полум'ї. Видаліть картку №09. Викресліть H5.],,,,,,,,Чертежи + Спички,[Чертежи сгорают в пламени. Удалите карту №09. Вычеркните H5.]
0,x0g4,Фальшива форма,"Вона всередині! Нарешті. Тепер треба знайти гарне місце, щоб переодягнутися.",,,,,,,,Фальшивая форма,"Она внутри! Наконец-то. Теперь нужно найти хорошее место, чтобы переодеться."
0,x5x2,Передавач,"Тепер, коли він у в'язниці, що я там збирався з ним робити?",,,,,,,,Передатчик,"Теперь, когда он в тюрьме, что я там собирался с ним делать?"
0,z5m0,Летючий телефон,Нарешті він усередині! Що тепер?,,,,,,,,Летающий телефон,Наконец-то он внутри! Что теперь?
0,z6e8,Цегла,Я прив'язав до неї зубну нитку.,,,,,,,,Кирпич,Я привязал к нему зубную нить.
0,z8d3,Летючий телефон + Викрутка,"Гадаю, я міг би лопнути кульку, але яка мені з того користь?",,,,,,,,Летающий телефон + Отвертка,"Думаю, я мог бы лопнуть шарик, но какая мне от этого польза?"
0,z8j8,Летючий телефон + Магніт,"Якщо я прикріплю магніт до телефону, він більше не буде летіти.",,,,,,,,Летающий телефон + Магнит,"Если я прикреплю магнит к телефону, он больше не будет летать."
0,z9z3,,"Гей, що ти робиш? Тобі ніхто не казав читати цей код! [Візьміть картку №39.]",,,,,,,,,"Эй, ты что творишь? Никто не говорил тебе читать этот код! [Возьмите карту №39.]"
0,b0b3,,"Гей, що ти робиш? Тобі ніхто не казав читати цей код! [Візьміть картку №39.]",,,,,,,,,"Эй, ты что творишь? Никто не говорил тебе читать этот код! [Возьмите карту №39.]"
0,b1g8,Магніт + Фальшива форма,"Ні, занадто великий.",,,,,,,,Магнит + Фальшивая форма,"Нет, слишком большой."
0,b1i0,Використати Магніт,Я не можу його ввімкнути. Він ніколи не вимикається.,,,,,,,,Использовать Магнит,Я не могу его включить. Он никогда не выключается.
0,c1g8,Пляшка + Фальшива форма,"[Якщо D9: Читати c1m4. Інакше:] Ні, мені не потрібна ця пляшка у формі.",,,,,,,,Бутылка + Фальшивая форма,"[Если D9: Читать c1m4. Иначе:] Не, мне не нужна эта бутылка в форме."
0,c1m4,Пляшка + Фальшива форма,"Так, гаразд, трохи почистимо її... Ось, гарна і свіжа.",,,,,,,,Бутылка + Фальшивая форма,"Да, ладно, немного почистим ее... Вот, красивая и свежая."
0,c1v2,Пляшка + Коктейль,[Якщо D9: Читати c2e1. Інакше:] Я б краще наповнив пляшку чимось... чистим.,,,,,,,,Бутылка + Коктейль,[Если D9: Читать c2e1. Иначе:] Я бы лучше наполнил бутылку чем-то... чистым.
0,c2e1,Пляшка + Коктейль,"Цей коктейль огидний, хоч скільки його розбавляй.",,,,,,,,Бутылка + Коктейль,"Этот коктейль отвратителен, сколько его ни разбавляй."
0,d3k9,Одяг,Сорочка тепер вицвіло-охриста... Ніхто на це не клюне.,,,,,,,,Одежда,Рубашка теперь выцветше-охристая... Никто на это не клюнет.
0,d5i3,Одяг,Штани тепер темно-зелені. Вже краще!,,,,,,,,Одежда,Штаны теперь темно-зеленые. Уже лучше!
0,d5v5,Одяг,"Я прикріпив значок до сорочки. Думаю, прокотить.",,,,,,,,Одежда,"Я прикрепил значок к рубашке. Думаю, прокатит."
0,d6c1,Пляшка + Коробка пластівців,"Ми що, сніданок готуємо?",,,,,,,,Бутылка + Коробка хлопьев,"Мы что, завтрак готовим?"
0,d6p4,Пляшка + Чайні пакетики,"Термін придатності чаю давно минув, тож ні, дякую.",,,,,,,,Бутылка + Чайные пакетики,"Срок годности чая давно истёк, так что нет, спасибо."
0,d6t2,Пляшка + Презервативи,"[Якщо D9: Читати d6v0. Інакше:] Чувак, я чудово знаю, як одягати презерватив.",,,,,,,,Бутылка + Презервативы,"[Если D9: Читать d6v0. Иначе:] Чувак, я прекрасно знаю, как надевать презерватив."
0,d6v0,Пляшка + Презервативи,"Гадаю, я міг би зробити водяну бомбочку...",,,,,,,,Бутылка + Презервативы,"Думаю, я мог бы сделать водяную бомбочку..."
0,d6x4,Пляшка + Свинцева труба,"Занадто велика, щоб використовувати її як соломинку...",,,,,,,,Бутылка + Свинцовая труба,"Слишком большая, чтобы использовать ее как соломинку..."
0,d8e8,Цегла + Летючий телефон,"Авжеж, після всіх цих зусиль, давай знову зробимо його важким.",,,,,,,,Кирпич + Летающий телефон,"Конечно, после всех этих усилий, давай снова сделаем его тяжелым."
0,d8g2,Цегла + Мобільний телефон,[Якщо A9: Читати d8g4. Інакше:] Ось такий вигляд колись мали телефони...,,,,,,,,Кирпич + Мобильный телефон,[Если A9: Читать d8g4. Иначе:] Вот так когда-то выглядели телефоны...
0,d8g4,Цегла + Мобільний телефон,"Я майже впевнений, що це рано чи пізно зламає мій телефон.",,,,,,,,Кирпич + Мобильный телефон,"Я почти уверен, что это рано или поздно сломает мой телефон."
0,d8g8,Цегла + Фальшива форма,"Це справді чудова ідея... чекай, ні, тепер форма вся брудна.",,,,,,,,Кирпич + Фальшивая форма,"Это действительно отличная идея... погоди, нет, теперь форма вся грязная."
0,d8h3,Цегла + Іржавий ключ,[Якщо A9: Читати d8h9. Інакше:] Цей ключ і так у досить поганому стані.,,,,,,,,Кирпич + Ржавый ключ,[Если A9: Читать d8h9. Иначе:] Этот ключ и так в довольно плохом состоянии.
0,d8h9,Цегла + Іржавий ключ,Найгірший. Брелок. У світі!,,,,,,,,Кирпич + Ржавый ключ,Худший. Брелок. В мире!
0,d8i0,Використати Цеглу,"Думаю, я просто потримаю це, поки не знатиму, що з ним робити.",,,,,,,,Использовать Кирпич,"Думаю, я просто подержу это, пока не буду знать, что с ним делать."
0,e1p5,Використати Одяг,"У кишенях порожньо. І я не бачу причин, чому я маю це вдягати.",,,,,,,,Использовать Одежду,"В карманах пусто. И я не вижу причин, почему я должен это надевать."
0,e1r3,Одяг + Коктейль,Це лише пофарбувало б їх у синій колір.,,,,,,,,Одежда + Коктейль,Это только покрасило бы их в синий цвет.
0,e5b3,Мітла + Фальшива форма,"Гадаю, я міг би зробити опудало...",,,,,,,,Метла + Фальшивая форма,"Думаю, я мог бы сделать пугало..."
0,e5t7,Мітла + Сірники,"Ну, я міг би використати це як смолоскип...",,,,,,,,Метла + Спички,"Ну, я мог бы использовать это как факел..."
0,e6b2,Листівка,[Ви можете використати листівку для подорожі до будь-якої локації...],,,,,,,,Открытка,[Вы можете использовать открытку для путешествия в любую локацию...]
0,g6p5,Оглянути ключ,"На бірці написано ""Комора"".",,,,,,,,Осмотреть ключ,"На бирке написано ""Кладовая""."
0,h3j8,Магнітна картка + Магніт,"Чувак, чудова ідея, зробімо цю картку абсолютно марною... [Візьміть картку №58.]",,,,,,,,Магнитная карта + Магнит,"Чувак, отличная идея, давай сделаем эту карту абсолютно бесполезной... [Возьмите карту №58.]"
0,h4h9,Мобільний телефон + Повітряна куля,"[Якщо A8: Читати h4i0. Інакше:] Що б я не робив, телефон весь час відпадає.",,,,,,,,Мобильный телефон + Воздушный шар,"[Если A8: Читать h4i0. Иначе:] Что бы я ни делал, телефон все время отваливается."
0,h4i0,Мобільний телефон + Повітряна куля,[Видаліть картки №12 та №13. Викресліть F8. Візьміть картку №08.],,,,,,,,Мобильный телефон + Воздушный шар,[Удалите карты №12 и №13. Вычеркните F8. Возьмите карту №08.]
0,h4j8,Мобільний телефон + Магніт,Це може стерти мою пам'ять... Я б дуже не хотів забути свою головну мету.,,,,,,,,Мобильный телефон + Магнит,Это может стереть мою память... Я бы очень не хотел забыть свою главную цель.
0,h4x9,Мобільний телефон + Чайні пакетики,"У Майка, мабуть, є важливіші справи, ніж сміятися з моїх жартів.",,,,,,,,Мобильный телефон + Чайные пакетики,"У Майка, наверное, есть дела поважнее, чем смеяться над моими шутками."
0,h5e8,Вішак + Летючий телефон,"Ні, надто важкий.",,,,,,,,Вешалка + Летающий телефон,"Нет, слишком тяжелый."
0,h5g8,Вішак + Фальшива форма,"Не думав, що це можливо, але це справді працює! [Викресліть E6. Видаліть картку №01.]",,,,,,,,Вешалка + Фальшивая форма,"Не думал, что это возможно, но это действительно работает! [Вычеркните E6. Удалите карту №01.]"
0,h5m7,Вішак + Одяг,"М-м, так, ніби є сенс, але... навіщо?",,,,,,,,Вешалка + Одежда,"М-м, да, вроде есть смысл, но... зачем?"